trait,location_year,location,pearson,spearman,ndcg_at_10,n_test_genotypes,iteration,fold,seed,cv_scheme,train_location
DTF,AUS_2018,AUS,0.288124239674263,0.33971017189114,0.772395609744259,102,1,1,1001,CV1_AUS,AUS
DTF,AUS_2019,AUS,0.148358351252867,0.0131007293761879,0.743650355805986,42,1,1,1001,CV1_AUS,AUS
DTF,AUS_2018,AUS,0.213575929632393,0.236282658216969,0.74259664689917,95,1,2,1001,CV1_AUS,AUS
DTF,AUS_2019,AUS,0.323860078033862,0.429155349361668,0.911544045125684,51,1,2,1001,CV1_AUS,AUS
DTF,AUS_2018,AUS,0.246359117566796,0.202182178015288,0.745185787147212,98,1,3,1001,CV1_AUS,AUS
DTF,AUS_2019,AUS,0.14680979765455,0.301971562231697,0.912899338180941,52,1,3,1001,CV1_AUS,AUS
DTF,AUS_2018,AUS,0.185535671209544,0.186405038119389,0.906440475119042,101,1,4,1001,CV1_AUS,AUS
DTF,AUS_2019,AUS,0.288873242379002,0.267620976403445,0.960272206116863,42,1,4,1001,CV1_AUS,AUS
DTF,AUS_2018,AUS,0.378485355232588,0.328059598794955,0.806354598802024,98,1,5,1001,CV1_AUS,AUS
DTF,AUS_2019,AUS,0.145548677773692,0.2775552171392,0.900249576427217,49,1,5,1001,CV1_AUS,AUS
DTF,AUS_2018,AUS,0.29994032833783,0.320180496560008,0.853305702708119,97,2,1,1002,CV1_AUS,AUS
DTF,AUS_2019,AUS,0.256780546569292,0.260726505386916,0.825499319909497,54,2,1,1002,CV1_AUS,AUS
DTF,AUS_2018,AUS,0.32560711866645,0.351077677431589,0.903428170641643,101,2,2,1002,CV1_AUS,AUS
DTF,AUS_2019,AUS,0.0658723052315534,0.088024090902528,0.742299573834568,41,2,2,1002,CV1_AUS,AUS
DTF,AUS_2018,AUS,0.322554685833478,0.292310830225406,0.76923644179207,101,2,3,1002,CV1_AUS,AUS
DTF,AUS_2019,AUS,0.279491525918443,0.235792370809814,0.875319172515505,38,2,3,1002,CV1_AUS,AUS
DTF,AUS_2018,AUS,0.178177855831167,0.204044934398689,0.773576689206516,100,2,4,1002,CV1_AUS,AUS
DTF,AUS_2019,AUS,0.264260232495311,0.203862597195763,0.854077900352227,54,2,4,1002,CV1_AUS,AUS
DTF,AUS_2018,AUS,0.0929811884153571,0.043959006087662,0.747080343667142,95,2,5,1002,CV1_AUS,AUS
DTF,AUS_2019,AUS,0.127702330979399,0.395094219130769,0.919018567787099,49,2,5,1002,CV1_AUS,AUS
DTF,AUS_2018,AUS,0.255530790755943,0.158853497316693,0.679817249042159,100,3,1,1003,CV1_AUS,AUS
DTF,AUS_2019,AUS,0.179748963966893,0.298150288550232,0.79994867876997,49,3,1,1003,CV1_AUS,AUS
DTF,AUS_2018,AUS,0.259325839162187,0.204211789009968,0.783264502026595,100,3,2,1003,CV1_AUS,AUS
DTF,AUS_2019,AUS,0.435272653190593,0.377564728693302,0.923384803258457,44,3,2,1003,CV1_AUS,AUS
DTF,AUS_2018,AUS,0.428427554511924,0.416815300987289,0.86951785085913,100,3,3,1003,CV1_AUS,AUS
DTF,AUS_2019,AUS,0.0460076544211593,0.200926293772598,0.745379060864758,43,3,3,1003,CV1_AUS,AUS
DTF,AUS_2018,AUS,0.078620508323384,0.17483652337785,0.781119726550461,95,3,4,1003,CV1_AUS,AUS
DTF,AUS_2019,AUS,-0.0286726394693499,0.157749670965499,0.943051368604095,49,3,4,1003,CV1_AUS,AUS
DTF,AUS_2018,AUS,0.239379032121104,0.218124272156348,0.752535116418933,99,3,5,1003,CV1_AUS,AUS
DTF,AUS_2019,AUS,0.387138535396101,0.211160730453345,0.816330674765507,51,3,5,1003,CV1_AUS,AUS
DTF,AUS_2018,AUS,0.201711865525105,0.212334192552672,0.730450866242791,98,4,1,1004,CV1_AUS,AUS
DTF,AUS_2019,AUS,-0.0162386724413408,-0.184246002818435,0.761709736056945,51,4,1,1004,CV1_AUS,AUS
DTF,AUS_2018,AUS,0.414200964225049,0.470207797936132,0.926558414958329,97,4,2,1004,CV1_AUS,AUS
DTF,AUS_2019,AUS,0.158672825588262,0.313653446059491,0.747650366096935,51,4,2,1004,CV1_AUS,AUS
DTF,AUS_2018,AUS,0.254235447974087,0.194144686628642,0.798884715635916,98,4,3,1004,CV1_AUS,AUS
DTF,AUS_2019,AUS,0.144811073755091,0.34626651574664,0.929977460662708,43,4,3,1004,CV1_AUS,AUS
DTF,AUS_2018,AUS,0.188825906597788,0.171939122041739,0.751104815391876,105,4,4,1004,CV1_AUS,AUS
DTF,AUS_2019,AUS,0.393172869322983,0.460101453894042,0.914079543262769,52,4,4,1004,CV1_AUS,AUS
DTF,AUS_2018,AUS,0.294885645020827,0.258340236250505,0.75765223378376,96,4,5,1004,CV1_AUS,AUS
DTF,AUS_2019,AUS,0.377782394370923,0.394784346645722,0.874034915509147,39,4,5,1004,CV1_AUS,AUS
DTF,AUS_2018,AUS,0.304767631758296,0.29613877619247,0.726564524542226,103,5,1,1005,CV1_AUS,AUS
DTF,AUS_2019,AUS,0.386551675091616,0.349756225206378,0.87532860470775,54,5,1,1005,CV1_AUS,AUS
DTF,AUS_2018,AUS,0.283135412478505,0.294073599972192,0.870703827459874,95,5,2,1005,CV1_AUS,AUS
DTF,AUS_2019,AUS,-0.0364823034615342,0.064191225540186,0.781921357914715,57,5,2,1005,CV1_AUS,AUS
DTF,AUS_2018,AUS,0.23191079847293,0.270597602965938,0.787936167979417,94,5,3,1005,CV1_AUS,AUS
DTF,AUS_2019,AUS,0.337510195951012,0.506991887352676,0.874533487011472,42,5,3,1005,CV1_AUS,AUS
DTF,AUS_2018,AUS,0.17775222409784,0.184508308964823,0.780159487433019,101,5,4,1005,CV1_AUS,AUS
DTF,AUS_2019,AUS,0.256031475562229,0.356012066364904,0.894973781459359,40,5,4,1005,CV1_AUS,AUS
DTF,AUS_2018,AUS,0.241476549498314,0.142292551508977,0.778426951443899,101,5,5,1005,CV1_AUS,AUS
DTF,AUS_2019,AUS,0.147005119381899,0.116363730936319,0.823500824293975,43,5,5,1005,CV1_AUS,AUS
DTF,AUS_2018,AUS,0.200885884696062,0.246916894891203,0.781662340778568,100,6,1,1006,CV1_AUS,AUS
DTF,AUS_2019,AUS,0.133073325782024,0.201494736874407,0.714853972042818,54,6,1,1006,CV1_AUS,AUS
DTF,AUS_2018,AUS,0.228117067617446,0.256547339698817,0.862315998391489,92,6,2,1006,CV1_AUS,AUS
DTF,AUS_2019,AUS,0.235539251122088,0.229954176552514,0.905819663480172,41,6,2,1006,CV1_AUS,AUS
DTF,AUS_2018,AUS,0.175710568209512,0.210795573431819,0.653603494484098,103,6,3,1006,CV1_AUS,AUS
DTF,AUS_2019,AUS,0.147614067804283,0.307926865097339,0.887688596024524,55,6,3,1006,CV1_AUS,AUS
DTF,AUS_2018,AUS,0.341255660982883,0.289638699021866,0.832666255957886,100,6,4,1006,CV1_AUS,AUS
DTF,AUS_2019,AUS,0.232662995647758,0.264720593783886,0.840484426084123,51,6,4,1006,CV1_AUS,AUS
DTF,AUS_2018,AUS,0.334030965324965,0.275181327386407,0.836767051898138,99,6,5,1006,CV1_AUS,AUS
DTF,AUS_2019,AUS,0.502060310555518,0.457971860693408,0.93949655255824,35,6,5,1006,CV1_AUS,AUS
DTF,AUS_2018,AUS,0.207856415052078,0.165753371989023,0.893945817654186,96,7,1,1007,CV1_AUS,AUS
DTF,AUS_2019,AUS,0.0521669091200565,0.128700373420071,0.884460975129361,40,7,1,1007,CV1_AUS,AUS
DTF,AUS_2018,AUS,0.316096293786372,0.306185853126653,0.784989924676776,102,7,2,1007,CV1_AUS,AUS
DTF,AUS_2019,AUS,0.225351339527729,0.314760066808547,0.887857387725943,42,7,2,1007,CV1_AUS,AUS
DTF,AUS_2018,AUS,0.375185954777225,0.422851785780222,0.881508347994198,102,7,3,1007,CV1_AUS,AUS
DTF,AUS_2019,AUS,0.232765074196569,0.322484693652502,0.899246797414211,52,7,3,1007,CV1_AUS,AUS
DTF,AUS_2018,AUS,0.161622623488506,0.156517642930561,0.668302615772202,96,7,4,1007,CV1_AUS,AUS
DTF,AUS_2019,AUS,0.343120235523721,0.261911476964696,0.882188022927403,57,7,4,1007,CV1_AUS,AUS
DTF,AUS_2018,AUS,0.172462177673899,0.147665614958546,0.678549397743886,98,7,5,1007,CV1_AUS,AUS
DTF,AUS_2019,AUS,0.190750626828721,0.0985865636618644,0.89440041503464,45,7,5,1007,CV1_AUS,AUS
DTF,AUS_2018,AUS,0.205280751848868,0.197425503632934,0.7075517106976,100,8,1,1008,CV1_AUS,AUS
DTF,AUS_2019,AUS,0.281892175380189,0.427513798101455,0.935419647206693,51,8,1,1008,CV1_AUS,AUS
DTF,AUS_2018,AUS,0.257151551241271,0.185672617051207,0.675119487812394,93,8,2,1008,CV1_AUS,AUS
DTF,AUS_2019,AUS,0.37959700999546,0.293898942834424,0.814705361212906,44,8,2,1008,CV1_AUS,AUS
DTF,AUS_2018,AUS,0.228773461523541,0.34269912620401,0.775916433351719,103,8,3,1008,CV1_AUS,AUS
DTF,AUS_2019,AUS,0.103694107752965,0.18702518963315,0.792739548497913,43,8,3,1008,CV1_AUS,AUS
DTF,AUS_2018,AUS,0.302689893871421,0.236472548727582,0.875824486556114,97,8,4,1008,CV1_AUS,AUS
DTF,AUS_2019,AUS,0.286946443083843,0.264187333644896,0.905825020997603,57,8,4,1008,CV1_AUS,AUS
DTF,AUS_2018,AUS,0.295142242792702,0.27363677125032,0.801072785561947,101,8,5,1008,CV1_AUS,AUS
DTF,AUS_2019,AUS,0.0355881225530168,0.117921454090646,0.809328363779479,41,8,5,1008,CV1_AUS,AUS
DTF,AUS_2018,AUS,0.107147142481172,0.118398881237272,0.827011831207978,97,9,1,1009,CV1_AUS,AUS
DTF,AUS_2019,AUS,0.120898969508589,0.112565261784834,0.825039385365198,48,9,1,1009,CV1_AUS,AUS
DTF,AUS_2018,AUS,0.353139528427134,0.344303359714765,0.822573213079265,104,9,2,1009,CV1_AUS,AUS
DTF,AUS_2019,AUS,0.210902951596864,0.256205035569448,0.793456835084644,43,9,2,1009,CV1_AUS,AUS
DTF,AUS_2018,AUS,0.263664510325544,0.290504696924212,0.876061421388995,96,9,3,1009,CV1_AUS,AUS
DTF,AUS_2019,AUS,0.295990778385706,0.373692222138121,0.93412065807998,50,9,3,1009,CV1_AUS,AUS
DTF,AUS_2018,AUS,0.142340456171738,0.124839154172907,0.69797492814883,100,9,4,1009,CV1_AUS,AUS
DTF,AUS_2019,AUS,0.27694658671697,0.241199154972717,0.892390899367119,46,9,4,1009,CV1_AUS,AUS
DTF,AUS_2018,AUS,0.441977017858633,0.411781740581214,0.788736559650679,97,9,5,1009,CV1_AUS,AUS
DTF,AUS_2019,AUS,0.286415663239125,0.377409365764741,0.860229983664329,49,9,5,1009,CV1_AUS,AUS
DTF,AUS_2018,AUS,0.185949523713428,0.104551498496334,0.698427290929834,101,10,1,1010,CV1_AUS,AUS
DTF,AUS_2019,AUS,0.0935042446243219,0.184506473924758,0.774390237768065,42,10,1,1010,CV1_AUS,AUS
DTF,AUS_2018,AUS,0.306008487200571,0.300566630717639,0.759136990280223,99,10,2,1010,CV1_AUS,AUS
DTF,AUS_2019,AUS,0.043881674474656,0.114664092918752,0.725752766898607,45,10,2,1010,CV1_AUS,AUS
DTF,AUS_2018,AUS,0.281777730970495,0.299105430436692,0.810679018567933,104,10,3,1010,CV1_AUS,AUS
DTF,AUS_2019,AUS,0.145347808968624,0.257187692196122,0.834238766379367,46,10,3,1010,CV1_AUS,AUS
DTF,AUS_2018,AUS,0.254554660962156,0.300351061716542,0.831771284317234,95,10,4,1010,CV1_AUS,AUS
DTF,AUS_2019,AUS,0.4481787666733,0.295273145215028,0.809504626122363,49,10,4,1010,CV1_AUS,AUS
DTF,AUS_2018,AUS,0.288230058860961,0.23237687202795,0.829941944918709,95,10,5,1010,CV1_AUS,AUS
DTF,AUS_2019,AUS,0.271540137862867,0.408848820594863,0.969068436412872,54,10,5,1010,CV1_AUS,AUS
DTF,AUS_2018,AUS,0.254644950233929,0.224733692172157,0.644385711713858,95,11,1,1011,CV1_AUS,AUS
DTF,AUS_2019,AUS,0.323197746984859,0.173748573516984,0.851444973570369,58,11,1,1011,CV1_AUS,AUS
DTF,AUS_2018,AUS,0.28903690932222,0.215647957213931,0.845666797094534,106,11,2,1011,CV1_AUS,AUS
DTF,AUS_2019,AUS,0.180708737835591,0.192288497979796,0.824356474029026,51,11,2,1011,CV1_AUS,AUS
DTF,AUS_2018,AUS,0.15339422105499,0.188263378568682,0.751220984235643,99,11,3,1011,CV1_AUS,AUS
DTF,AUS_2019,AUS,0.228992775060375,0.345600077015297,0.832880029070566,42,11,3,1011,CV1_AUS,AUS
DTF,AUS_2018,AUS,0.224775394276415,0.231561289034734,0.784665589682524,94,11,4,1011,CV1_AUS,AUS
DTF,AUS_2019,AUS,0.0908042039543251,0.110962906566302,0.802202603632592,44,11,4,1011,CV1_AUS,AUS
DTF,AUS_2018,AUS,0.389895917623484,0.385875033302533,0.863561032912944,100,11,5,1011,CV1_AUS,AUS
DTF,AUS_2019,AUS,0.278159530496574,0.336300137389078,0.867831009212263,41,11,5,1011,CV1_AUS,AUS
DTF,AUS_2018,AUS,0.230890255688668,0.234267048812793,0.754384984072291,101,12,1,1012,CV1_AUS,AUS
DTF,AUS_2019,AUS,0.376267600704513,0.297971040430161,0.91152920751064,45,12,1,1012,CV1_AUS,AUS
DTF,AUS_2018,AUS,0.210492743514419,0.188099506105833,0.817686953261922,96,12,2,1012,CV1_AUS,AUS
DTF,AUS_2019,AUS,0.0161232840671462,0.132822997798131,0.89410280731008,52,12,2,1012,CV1_AUS,AUS
DTF,AUS_2018,AUS,0.317895404672406,0.31769113467513,0.829874082020764,96,12,3,1012,CV1_AUS,AUS
DTF,AUS_2019,AUS,0.0776888820522406,0.145258350836788,0.714800151363737,48,12,3,1012,CV1_AUS,AUS
DTF,AUS_2018,AUS,0.327918312263458,0.310026866566949,0.721136590515163,99,12,4,1012,CV1_AUS,AUS
DTF,AUS_2019,AUS,0.0118936308155498,0.0625444888040755,0.833612791266217,47,12,4,1012,CV1_AUS,AUS
DTF,AUS_2018,AUS,0.149378089775913,0.110166125680124,0.65201816867838,102,12,5,1012,CV1_AUS,AUS
DTF,AUS_2019,AUS,0.597183983071146,0.461729520722807,0.885879786876364,44,12,5,1012,CV1_AUS,AUS
DTF,AUS_2018,AUS,0.241632282731909,0.225008347085699,0.778469002306578,98,13,1,1013,CV1_AUS,AUS
DTF,AUS_2019,AUS,0.215875410609723,0.265919168057266,0.892937869701239,49,13,1,1013,CV1_AUS,AUS
DTF,AUS_2018,AUS,0.194607375966127,0.183862470753943,0.70006682095915,101,13,2,1013,CV1_AUS,AUS
DTF,AUS_2019,AUS,0.361637862363114,0.375734940074951,0.864497407727903,41,13,2,1013,CV1_AUS,AUS
DTF,AUS_2018,AUS,0.184114243170465,0.139175475407017,0.738960518526713,98,13,3,1013,CV1_AUS,AUS
DTF,AUS_2019,AUS,0.203159393974228,0.179036755005645,0.748626455246891,50,13,3,1013,CV1_AUS,AUS
DTF,AUS_2018,AUS,0.397302900372333,0.412829837210496,0.867901902960934,100,13,4,1013,CV1_AUS,AUS
DTF,AUS_2019,AUS,0.355703604479078,0.323751605115987,0.903217028048649,51,13,4,1013,CV1_AUS,AUS
DTF,AUS_2018,AUS,0.261941369599677,0.232930641725555,0.849715273906347,97,13,5,1013,CV1_AUS,AUS
DTF,AUS_2019,AUS,0.0355700739412076,0.0980995638152772,0.843626601242786,45,13,5,1013,CV1_AUS,AUS
DTF,AUS_2018,AUS,0.192742556837562,0.223486038535589,0.791819819904637,100,14,1,1014,CV1_AUS,AUS
DTF,AUS_2019,AUS,0.287847227895154,0.491146554637844,0.938903717327809,48,14,1,1014,CV1_AUS,AUS
DTF,AUS_2018,AUS,0.193432975598467,0.226527929376546,0.846034797918639,102,14,2,1014,CV1_AUS,AUS
DTF,AUS_2019,AUS,0.288241592741792,0.2832552382222,0.927883203095826,43,14,2,1014,CV1_AUS,AUS
DTF,AUS_2018,AUS,0.3647364029835,0.292988132389866,0.768841012508085,97,14,3,1014,CV1_AUS,AUS
DTF,AUS_2019,AUS,0.21815263618945,0.158098603648681,0.856356863951306,43,14,3,1014,CV1_AUS,AUS
DTF,AUS_2018,AUS,0.282683338720611,0.290891088093461,0.857890452366521,97,14,4,1014,CV1_AUS,AUS
DTF,AUS_2019,AUS,0.257153381790025,0.247246507714578,0.929495585833941,50,14,4,1014,CV1_AUS,AUS
DTF,AUS_2018,AUS,0.171534786779733,0.184211343250082,0.767360340717337,98,14,5,1014,CV1_AUS,AUS
DTF,AUS_2019,AUS,0.110898916097644,0.129755613872948,0.783301856134715,52,14,5,1014,CV1_AUS,AUS
DTF,AUS_2018,AUS,0.309056839477297,0.415570946948905,0.827115469813514,100,15,1,1015,CV1_AUS,AUS
DTF,AUS_2019,AUS,0.195776277797912,0.154963445316453,0.768694610966396,40,15,1,1015,CV1_AUS,AUS
DTF,AUS_2018,AUS,0.193099375672995,0.175553681836045,0.857400067848613,97,15,2,1015,CV1_AUS,AUS
DTF,AUS_2019,AUS,0.379515823772792,0.295255081356906,0.880112672976854,52,15,2,1015,CV1_AUS,AUS
DTF,AUS_2018,AUS,0.324794823423668,0.280951583924694,0.80667625885571,99,15,3,1015,CV1_AUS,AUS
DTF,AUS_2019,AUS,0.163814582364099,0.259573959058891,0.882176260253841,46,15,3,1015,CV1_AUS,AUS
DTF,AUS_2018,AUS,0.161446838179454,0.134829080504203,0.715669426784325,100,15,4,1015,CV1_AUS,AUS
DTF,AUS_2019,AUS,0.237884371797475,0.163354373941806,0.859486411466193,48,15,4,1015,CV1_AUS,AUS
DTF,AUS_2018,AUS,0.313573246556948,0.263966569008809,0.706413800162238,98,15,5,1015,CV1_AUS,AUS
DTF,AUS_2019,AUS,0.256145083976162,0.449695823016907,0.921254098703838,50,15,5,1015,CV1_AUS,AUS
DTF,PAK_2019,PAK,0.476523386595258,0.155553965182681,0.822824619740421,48,1,1,1001,CV1_PAK,PAK
DTF,PAK_2020,PAK,0.488974478008391,0.371027463373034,0.776287938185252,52,1,1,1001,CV1_PAK,PAK
DTF,PAK_2021,PAK,0.545365928900083,0.510209698348289,0.7991165426854,48,1,1,1001,CV1_PAK,PAK
DTF,PAK_2019,PAK,0.402692869406968,-0.0501602999024706,0.850581281619418,43,1,2,1001,CV1_PAK,PAK
DTF,PAK_2020,PAK,0.394996672418198,0.274115827174263,0.725453530720603,57,1,2,1001,CV1_PAK,PAK
DTF,PAK_2021,PAK,0.372668453274014,0.367332201824144,0.764846572260602,51,1,2,1001,CV1_PAK,PAK
DTF,PAK_2019,PAK,0.0349059016421525,0.0708995412370801,0.871519890777556,50,1,3,1001,CV1_PAK,PAK
DTF,PAK_2020,PAK,0.190749533436388,0.223637222053331,0.820286051350031,53,1,3,1001,CV1_PAK,PAK
DTF,PAK_2021,PAK,0.305228718661382,0.349067042300226,0.692254335081374,49,1,3,1001,CV1_PAK,PAK
DTF,PAK_2019,PAK,0.0571110222328187,0.117991424894598,0.527329352971149,42,1,4,1001,CV1_PAK,PAK
DTF,PAK_2020,PAK,0.304878164391285,0.306259403703715,0.859460968126307,56,1,4,1001,CV1_PAK,PAK
DTF,PAK_2021,PAK,0.475767105893475,0.4244943122602,0.840687557666963,48,1,4,1001,CV1_PAK,PAK
DTF,PAK_2019,PAK,-0.287994885809885,-0.398026310419528,0.779964931741797,38,1,5,1001,CV1_PAK,PAK
DTF,PAK_2020,PAK,0.0638802621203201,-0.0063007962745565,0.749172875340344,49,1,5,1001,CV1_PAK,PAK
DTF,PAK_2021,PAK,0.1296438600343,0.219795824008595,0.794806341726283,48,1,5,1001,CV1_PAK,PAK
DTF,PAK_2019,PAK,0.211615925949169,-0.0701698288439065,0.792458039698623,44,2,1,1002,CV1_PAK,PAK
DTF,PAK_2020,PAK,0.0922429760838219,-0.0892658208057674,0.681626517549523,56,2,1,1002,CV1_PAK,PAK
DTF,PAK_2021,PAK,0.1362618216307,0.203849773037894,0.634011736597029,52,2,1,1002,CV1_PAK,PAK
DTF,PAK_2019,PAK,-0.159865769255027,-0.0762050952178293,0.828672299127796,35,2,2,1002,CV1_PAK,PAK
DTF,PAK_2020,PAK,0.208513133291711,0.274053040413896,0.832509087707222,56,2,2,1002,CV1_PAK,PAK
DTF,PAK_2021,PAK,0.329623837975989,0.385355886729248,0.880080513439084,49,2,2,1002,CV1_PAK,PAK
DTF,PAK_2019,PAK,0.0653281046114193,-0.107698087224921,0.924645482878143,43,2,3,1002,CV1_PAK,PAK
DTF,PAK_2020,PAK,0.318702980783485,0.265074304677447,0.816894324296605,50,2,3,1002,CV1_PAK,PAK
DTF,PAK_2021,PAK,0.429462955132589,0.336872787810553,0.674005348477893,49,2,3,1002,CV1_PAK,PAK
DTF,PAK_2019,PAK,0.110981464013405,0.117577664026637,0.375898542601343,50,2,4,1002,CV1_PAK,PAK
DTF,PAK_2020,PAK,0.321749330227026,0.168101962139726,0.785659894721549,53,2,4,1002,CV1_PAK,PAK
DTF,PAK_2021,PAK,0.474876072075189,0.339900270469946,0.838981890473312,46,2,4,1002,CV1_PAK,PAK
DTF,PAK_2019,PAK,0.515698086203221,0.0703131168294497,0.882059257750129,49,2,5,1002,CV1_PAK,PAK
DTF,PAK_2020,PAK,0.551286161508725,0.549559512758375,0.892648829717202,52,2,5,1002,CV1_PAK,PAK
DTF,PAK_2021,PAK,0.509488155681955,0.514974680928237,0.810715267458842,48,2,5,1002,CV1_PAK,PAK
DTF,PAK_2019,PAK,0.118529543733166,-0.145607974931274,0.83201752754416,43,3,1,1003,CV1_PAK,PAK
DTF,PAK_2020,PAK,0.243731988565811,0.17366729962325,0.757267598734956,52,3,1,1003,CV1_PAK,PAK
DTF,PAK_2021,PAK,0.51405819269992,0.468435074355746,0.768401495164619,52,3,1,1003,CV1_PAK,PAK
DTF,PAK_2019,PAK,-0.0184334464840441,-0.0899020084499637,0.534201983147778,45,3,2,1003,CV1_PAK,PAK
DTF,PAK_2020,PAK,0.198217180636039,0.139437765720866,0.71463954756414,53,3,2,1003,CV1_PAK,PAK
DTF,PAK_2021,PAK,0.232836739023994,0.249807220013011,0.774124796405332,46,3,2,1003,CV1_PAK,PAK
DTF,PAK_2019,PAK,0.200298260891768,0.0919683626660961,0.91067738742214,44,3,3,1003,CV1_PAK,PAK
DTF,PAK_2020,PAK,0.098027365259394,0.281728239621554,0.824925460373553,53,3,3,1003,CV1_PAK,PAK
DTF,PAK_2021,PAK,0.353737438674448,0.484975686898437,0.818920760082382,46,3,3,1003,CV1_PAK,PAK
DTF,PAK_2019,PAK,0.233936337777046,0.111644313679765,0.877907149568084,42,3,4,1003,CV1_PAK,PAK
DTF,PAK_2020,PAK,0.562692273938867,0.493841439229135,0.801840049695571,55,3,4,1003,CV1_PAK,PAK
DTF,PAK_2021,PAK,0.352542768182013,0.344289084223777,0.799110154806239,49,3,4,1003,CV1_PAK,PAK
DTF,PAK_2019,PAK,0.320750321284588,0.205869485263768,0.829998042390147,47,3,5,1003,CV1_PAK,PAK
DTF,PAK_2020,PAK,0.370824397976775,0.230176329710591,0.719896646816653,54,3,5,1003,CV1_PAK,PAK
DTF,PAK_2021,PAK,0.46810964160017,0.451880290276874,0.808429957377594,51,3,5,1003,CV1_PAK,PAK
DTF,PAK_2019,PAK,0.268142684663921,0.01854444157424,0.918765198931998,42,4,1,1004,CV1_PAK,PAK
DTF,PAK_2020,PAK,0.270508407663187,0.409552487414908,0.895912077449529,54,4,1,1004,CV1_PAK,PAK
DTF,PAK_2021,PAK,0.434037473506514,0.450932493806373,0.899417498941499,51,4,1,1004,CV1_PAK,PAK
DTF,PAK_2019,PAK,0.215466791418758,0.0487403921106329,0.59846645067062,43,4,2,1004,CV1_PAK,PAK
DTF,PAK_2020,PAK,0.467118955212211,0.32443900462777,0.749260305985771,53,4,2,1004,CV1_PAK,PAK
DTF,PAK_2021,PAK,0.48903373228601,0.498289520339265,0.801990827307134,49,4,2,1004,CV1_PAK,PAK
DTF,PAK_2019,PAK,-0.0821796420179954,-0.0895453799710075,0.781282234597713,41,4,3,1004,CV1_PAK,PAK
DTF,PAK_2020,PAK,0.0553484360276973,-0.0506140232391912,0.693815042389418,53,4,3,1004,CV1_PAK,PAK
DTF,PAK_2021,PAK,0.210103573065504,0.0821933732661891,0.674872396456718,47,4,3,1004,CV1_PAK,PAK
DTF,PAK_2019,PAK,-0.0112672787464487,-0.0645273126010095,0.912272845416501,51,4,4,1004,CV1_PAK,PAK
DTF,PAK_2020,PAK,0.563099938388777,0.478045112885816,0.901443884990574,52,4,4,1004,CV1_PAK,PAK
DTF,PAK_2021,PAK,0.518964951634122,0.455797379004655,0.843238904733147,47,4,4,1004,CV1_PAK,PAK
DTF,PAK_2019,PAK,0.149452492789688,0.167949407495361,0.864633561140528,44,4,5,1004,CV1_PAK,PAK
DTF,PAK_2020,PAK,0.0750362883429736,0.117278147473902,0.773520613104321,55,4,5,1004,CV1_PAK,PAK
DTF,PAK_2021,PAK,0.178147936451238,0.310364781198542,0.882860151948881,50,4,5,1004,CV1_PAK,PAK
DTF,PAK_2019,PAK,0.316646796170868,0.146224149230153,0.897712069559698,47,5,1,1005,CV1_PAK,PAK
DTF,PAK_2020,PAK,0.316644874068476,0.371961561452384,0.91060275404133,53,5,1,1005,CV1_PAK,PAK
DTF,PAK_2021,PAK,0.429715135053641,0.401654052810036,0.84034787092019,49,5,1,1005,CV1_PAK,PAK
DTF,PAK_2019,PAK,0.0910112668064681,-0.0654786927022893,0.821883814646305,40,5,2,1005,CV1_PAK,PAK
DTF,PAK_2020,PAK,0.0396635449291024,0.0215487300516847,0.690287445672496,53,5,2,1005,CV1_PAK,PAK
DTF,PAK_2021,PAK,0.270384227870035,0.294949082550631,0.638215547010503,44,5,2,1005,CV1_PAK,PAK
DTF,PAK_2019,PAK,0.0690907639994949,-0.055723167982373,0.863456247308847,45,5,3,1005,CV1_PAK,PAK
DTF,PAK_2020,PAK,0.502276211794469,0.436096362047674,0.813791837397303,54,5,3,1005,CV1_PAK,PAK
DTF,PAK_2021,PAK,0.512046179841572,0.473632466369172,0.765023638354022,50,5,3,1005,CV1_PAK,PAK
DTF,PAK_2019,PAK,0.118971428644326,0.122241926065575,0.565756168154941,46,5,4,1005,CV1_PAK,PAK
DTF,PAK_2020,PAK,0.291413799568845,0.156796374006381,0.656644400029847,56,5,4,1005,CV1_PAK,PAK
DTF,PAK_2021,PAK,0.335233696366612,0.32387108137191,0.822029383627303,50,5,4,1005,CV1_PAK,PAK
DTF,PAK_2019,PAK,-0.142432814384895,-0.117887525415275,0.707285604249759,43,5,5,1005,CV1_PAK,PAK
DTF,PAK_2020,PAK,0.175557418168462,0.186231576333019,0.817989297038732,51,5,5,1005,CV1_PAK,PAK
DTF,PAK_2021,PAK,0.27047434544296,0.321789165709393,0.795602557011628,51,5,5,1005,CV1_PAK,PAK
DTF,PAK_2019,PAK,0.130179684705414,0.195623419319714,0.671502250982686,45,6,1,1006,CV1_PAK,PAK
DTF,PAK_2020,PAK,0.281025292670436,0.223058943932019,0.697962589327575,52,6,1,1006,CV1_PAK,PAK
DTF,PAK_2021,PAK,0.378064884405643,0.290190359710876,0.776288115712013,48,6,1,1006,CV1_PAK,PAK
DTF,PAK_2019,PAK,-0.137905439702058,-0.0992916582577621,0.82861156253922,44,6,2,1006,CV1_PAK,PAK
DTF,PAK_2020,PAK,0.205940604547517,0.143544347478173,0.745147873851605,53,6,2,1006,CV1_PAK,PAK
DTF,PAK_2021,PAK,0.298068272552146,0.407233484370015,0.79587357803223,48,6,2,1006,CV1_PAK,PAK
DTF,PAK_2019,PAK,0.341181434128515,0.0589464687295164,0.882374762424537,40,6,3,1006,CV1_PAK,PAK
DTF,PAK_2020,PAK,0.394774062339055,0.43982986688135,0.84537683149603,56,6,3,1006,CV1_PAK,PAK
DTF,PAK_2021,PAK,0.37734670628272,0.279397097170462,0.656488472385922,48,6,3,1006,CV1_PAK,PAK
DTF,PAK_2019,PAK,-0.152534877186847,-0.118133562447206,0.857773537116437,45,6,4,1006,CV1_PAK,PAK
DTF,PAK_2020,PAK,0.216399405409221,0.127348968150521,0.716552819543495,51,6,4,1006,CV1_PAK,PAK
DTF,PAK_2021,PAK,0.196053128612925,0.31474768779692,0.81718561040943,50,6,4,1006,CV1_PAK,PAK
DTF,PAK_2019,PAK,0.283115735967684,0.184415464351153,0.819990340414231,47,6,5,1006,CV1_PAK,PAK
DTF,PAK_2020,PAK,0.366863915303811,0.271414504495136,0.823948656422821,55,6,5,1006,CV1_PAK,PAK
DTF,PAK_2021,PAK,0.532202302396334,0.384676578876016,0.759040150103671,50,6,5,1006,CV1_PAK,PAK
DTF,PAK_2019,PAK,0.233110549533914,0.0468592086659359,0.759933726059322,43,7,1,1007,CV1_PAK,PAK
DTF,PAK_2020,PAK,0.290729182764656,0.264884721412675,0.849183577739162,51,7,1,1007,CV1_PAK,PAK
DTF,PAK_2021,PAK,0.676594051386119,0.620088622824366,0.797922232254125,48,7,1,1007,CV1_PAK,PAK
DTF,PAK_2019,PAK,0.477686537645458,0.274306871323594,0.779324823915926,45,7,2,1007,CV1_PAK,PAK
DTF,PAK_2020,PAK,0.473089610199651,0.277979893541225,0.771183158619608,52,7,2,1007,CV1_PAK,PAK
DTF,PAK_2021,PAK,0.432556136325406,0.302244923574552,0.785444024199233,47,7,2,1007,CV1_PAK,PAK
DTF,PAK_2019,PAK,-0.0297412571272039,-0.184878812356715,0.659266672802315,45,7,3,1007,CV1_PAK,PAK
DTF,PAK_2020,PAK,0.132100595702469,0.157760896668623,0.731184438746809,53,7,3,1007,CV1_PAK,PAK
DTF,PAK_2021,PAK,0.169839643056049,0.31952426569772,0.869893956765118,49,7,3,1007,CV1_PAK,PAK
DTF,PAK_2019,PAK,0.318797084098801,0.066059004576713,0.909561720084241,44,7,4,1007,CV1_PAK,PAK
DTF,PAK_2020,PAK,0.373159300713939,0.218395992720157,0.82368826109438,58,7,4,1007,CV1_PAK,PAK
DTF,PAK_2021,PAK,0.355697035026317,0.239514745671885,0.758491829245542,51,7,4,1007,CV1_PAK,PAK
DTF,PAK_2019,PAK,0.0629888203351725,0.175926172220911,0.925956346720221,44,7,5,1007,CV1_PAK,PAK
DTF,PAK_2020,PAK,0.30339229609679,0.302878593075917,0.8394103063288,53,7,5,1007,CV1_PAK,PAK
DTF,PAK_2021,PAK,0.127991285255592,0.265907794903728,0.713262397574019,49,7,5,1007,CV1_PAK,PAK
DTF,PAK_2019,PAK,0.198497756979398,0.253314182754449,0.607285004840653,42,8,1,1008,CV1_PAK,PAK
DTF,PAK_2020,PAK,0.41587659871578,0.324381894487782,0.795685985944396,53,8,1,1008,CV1_PAK,PAK
DTF,PAK_2021,PAK,0.288666659573444,0.436282334135285,0.814694908816675,45,8,1,1008,CV1_PAK,PAK
DTF,PAK_2019,PAK,0.144391393663803,0.063869422354298,0.893533118284531,45,8,2,1008,CV1_PAK,PAK
DTF,PAK_2020,PAK,0.334550898236164,0.281195114449434,0.828378265127729,55,8,2,1008,CV1_PAK,PAK
DTF,PAK_2021,PAK,0.413592772602315,0.370734054304538,0.831310436790902,55,8,2,1008,CV1_PAK,PAK
DTF,PAK_2019,PAK,-0.0688627856302789,-0.0502158538834133,0.849164253984308,46,8,3,1008,CV1_PAK,PAK
DTF,PAK_2020,PAK,0.413712760522618,0.206040805377169,0.819284803495425,52,8,3,1008,CV1_PAK,PAK
DTF,PAK_2021,PAK,0.321573379571533,0.275437851037049,0.820365127031905,49,8,3,1008,CV1_PAK,PAK
DTF,PAK_2019,PAK,0.203082571453536,0.0524196110525956,0.775199861382122,43,8,4,1008,CV1_PAK,PAK
DTF,PAK_2020,PAK,0.153474471730264,0.134645006109044,0.761859983595646,53,8,4,1008,CV1_PAK,PAK
DTF,PAK_2021,PAK,0.237238764117231,0.194853209114716,0.670957791684594,52,8,4,1008,CV1_PAK,PAK
DTF,PAK_2019,PAK,0.0934911348252991,-0.0888339147364583,0.839934772990917,45,8,5,1008,CV1_PAK,PAK
DTF,PAK_2020,PAK,0.196684398704421,0.20049210691015,0.775268167415758,54,8,5,1008,CV1_PAK,PAK
DTF,PAK_2021,PAK,0.519505856163068,0.503154763351949,0.728803313277192,43,8,5,1008,CV1_PAK,PAK
DTF,PAK_2019,PAK,0.172216204607065,0.167859229810226,0.974814276735952,41,9,1,1009,CV1_PAK,PAK
DTF,PAK_2020,PAK,0.185309096676468,0.231042375729791,0.770008851305912,53,9,1,1009,CV1_PAK,PAK
DTF,PAK_2021,PAK,0.308642747702721,0.26291516253736,0.806683025578444,50,9,1,1009,CV1_PAK,PAK
DTF,PAK_2019,PAK,0.261859078306743,0.247827492805507,0.926885686632285,40,9,2,1009,CV1_PAK,PAK
DTF,PAK_2020,PAK,0.485704746066102,0.434860042559884,0.871658213986753,55,9,2,1009,CV1_PAK,PAK
DTF,PAK_2021,PAK,0.403882072362996,0.567657951860748,0.930917390895375,48,9,2,1009,CV1_PAK,PAK
DTF,PAK_2019,PAK,-0.0078248447671389,-0.133734097447139,0.646710831278704,46,9,3,1009,CV1_PAK,PAK
DTF,PAK_2020,PAK,0.0241232255504646,-0.0227926481133061,0.679006646511946,51,9,3,1009,CV1_PAK,PAK
DTF,PAK_2021,PAK,0.236461383608858,0.155492066963831,0.643903987048346,49,9,3,1009,CV1_PAK,PAK
DTF,PAK_2019,PAK,0.257282573886411,0.0884174636437264,0.768935520818813,50,9,4,1009,CV1_PAK,PAK
DTF,PAK_2020,PAK,0.458905545273253,0.29542926325111,0.75691652414582,53,9,4,1009,CV1_PAK,PAK
DTF,PAK_2021,PAK,0.415860389143618,0.397794948154811,0.825938859998807,48,9,4,1009,CV1_PAK,PAK
DTF,PAK_2019,PAK,0.0425721439893574,-0.170990165204364,0.799617956823757,44,9,5,1009,CV1_PAK,PAK
DTF,PAK_2020,PAK,0.296303178067637,0.273609862999053,0.837951949639303,55,9,5,1009,CV1_PAK,PAK
DTF,PAK_2021,PAK,0.470177579862227,0.448822338219509,0.827338415888271,49,9,5,1009,CV1_PAK,PAK
DTF,PAK_2019,PAK,0.280958075150686,0.208988766570686,0.850787750602679,47,10,1,1010,CV1_PAK,PAK
DTF,PAK_2020,PAK,0.518302609740671,0.509587761657058,0.834484743920154,56,10,1,1010,CV1_PAK,PAK
DTF,PAK_2021,PAK,0.525597375070664,0.380860911847145,0.800476884918508,50,10,1,1010,CV1_PAK,PAK
DTF,PAK_2019,PAK,0.247689079906082,0.105292387913844,0.733957025456056,45,10,2,1010,CV1_PAK,PAK
DTF,PAK_2020,PAK,0.102990866274172,0.0052552891615044,0.768100475679816,54,10,2,1010,CV1_PAK,PAK
DTF,PAK_2021,PAK,0.123540386752616,0.197258629598337,0.798818875744686,49,10,2,1010,CV1_PAK,PAK
DTF,PAK_2019,PAK,0.151705817024742,0.0214970215098223,0.567450222082467,39,10,3,1010,CV1_PAK,PAK
DTF,PAK_2020,PAK,0.275459303451022,0.183302536546745,0.715339194178396,52,10,3,1010,CV1_PAK,PAK
DTF,PAK_2021,PAK,0.418746124532085,0.390074642692106,0.797398215349451,49,10,3,1010,CV1_PAK,PAK
DTF,PAK_2019,PAK,-0.0006407097482768,-0.329307022400029,0.816683251901014,46,10,4,1010,CV1_PAK,PAK
DTF,PAK_2020,PAK,0.346750636865768,0.138117470036675,0.76099940073779,52,10,4,1010,CV1_PAK,PAK
DTF,PAK_2021,PAK,0.332797675961443,0.306586489712907,0.738063122276052,46,10,4,1010,CV1_PAK,PAK
DTF,PAK_2019,PAK,-0.0752131309214963,-0.0179284779777632,0.809710733871073,44,10,5,1010,CV1_PAK,PAK
DTF,PAK_2020,PAK,0.209741189886631,0.225880315175391,0.766790725718453,53,10,5,1010,CV1_PAK,PAK
DTF,PAK_2021,PAK,0.428573210143702,0.347291353928953,0.679153310326525,50,10,5,1010,CV1_PAK,PAK
DTF,PAK_2019,PAK,0.0584995799192456,-0.106210742540608,0.607173735078626,47,11,1,1011,CV1_PAK,PAK
DTF,PAK_2020,PAK,0.372749067717137,0.322273682080075,0.828944157507766,53,11,1,1011,CV1_PAK,PAK
DTF,PAK_2021,PAK,0.462536938109548,0.476316903735087,0.875659920329918,49,11,1,1011,CV1_PAK,PAK
DTF,PAK_2019,PAK,-0.0441154842129098,0.195202647209674,0.885738234674387,45,11,2,1011,CV1_PAK,PAK
DTF,PAK_2020,PAK,0.165679799406374,0.248815848949575,0.763886221592843,55,11,2,1011,CV1_PAK,PAK
DTF,PAK_2021,PAK,-0.0336675784597515,-0.0356258798591752,0.646837460303326,49,11,2,1011,CV1_PAK,PAK
DTF,PAK_2019,PAK,0.216729460238621,0.101259759094875,0.701595478701743,40,11,3,1011,CV1_PAK,PAK
DTF,PAK_2020,PAK,0.407200804129289,0.236602140798318,0.79220435877868,52,11,3,1011,CV1_PAK,PAK
DTF,PAK_2021,PAK,0.406929817730465,0.354554114655954,0.785934803050707,48,11,3,1011,CV1_PAK,PAK
DTF,PAK_2019,PAK,0.136585311450161,-0.0285304865590698,0.836468117814063,47,11,4,1011,CV1_PAK,PAK
DTF,PAK_2020,PAK,0.0717003841081322,0.10018859557887,0.737297940960199,55,11,4,1011,CV1_PAK,PAK
DTF,PAK_2021,PAK,0.447864562312474,0.533302335629284,0.653593060654132,52,11,4,1011,CV1_PAK,PAK
DTF,PAK_2019,PAK,0.482364561104108,0.257140219243172,0.831274852153039,42,11,5,1011,CV1_PAK,PAK
DTF,PAK_2020,PAK,0.452029274587201,0.331487052224382,0.760048243846155,52,11,5,1011,CV1_PAK,PAK
DTF,PAK_2021,PAK,0.610817563888762,0.661812877566492,0.898965278387466,46,11,5,1011,CV1_PAK,PAK
DTF,PAK_2019,PAK,0.0781469468831866,-0.162849743458127,0.774113158900265,43,12,1,1012,CV1_PAK,PAK
DTF,PAK_2020,PAK,0.346599577477038,0.348473386598846,0.827117609167289,53,12,1,1012,CV1_PAK,PAK
DTF,PAK_2021,PAK,0.300672222396846,0.322038802662466,0.770432664313112,49,12,1,1012,CV1_PAK,PAK
DTF,PAK_2019,PAK,0.0822798879675179,-0.0429515838277117,0.78169406623815,37,12,2,1012,CV1_PAK,PAK
DTF,PAK_2020,PAK,0.404692885612726,0.391702501435109,0.820454455830048,55,12,2,1012,CV1_PAK,PAK
DTF,PAK_2021,PAK,0.241373656884346,0.326369999968674,0.816571883820794,48,12,2,1012,CV1_PAK,PAK
DTF,PAK_2019,PAK,0.0048999976867852,-0.0511980686922007,0.870849378977971,47,12,3,1012,CV1_PAK,PAK
DTF,PAK_2020,PAK,0.117738023804426,0.0938900352799183,0.676564689081763,53,12,3,1012,CV1_PAK,PAK
DTF,PAK_2021,PAK,0.470018525641843,0.397306123122944,0.778465150201607,48,12,3,1012,CV1_PAK,PAK
DTF,PAK_2019,PAK,0.117030211283991,0.255684735038439,0.439000569577223,50,12,4,1012,CV1_PAK,PAK
DTF,PAK_2020,PAK,0.334893287247389,0.175629771423397,0.854460304614229,56,12,4,1012,CV1_PAK,PAK
DTF,PAK_2021,PAK,0.319391887134436,0.441033112578011,0.760612315651297,50,12,4,1012,CV1_PAK,PAK
DTF,PAK_2019,PAK,0.368975186624603,0.0478226434201815,0.891000259270665,44,12,5,1012,CV1_PAK,PAK
DTF,PAK_2020,PAK,0.314822158309946,0.182717526075335,0.718261153267167,50,12,5,1012,CV1_PAK,PAK
DTF,PAK_2021,PAK,0.567477924021966,0.406097773354255,0.781637721830032,49,12,5,1012,CV1_PAK,PAK
DTF,PAK_2019,PAK,0.237572431420218,0.213824990969961,0.773932335984804,44,13,1,1013,CV1_PAK,PAK
DTF,PAK_2020,PAK,0.358818895059047,0.304668118984501,0.730228641080407,52,13,1,1013,CV1_PAK,PAK
DTF,PAK_2021,PAK,0.482593397591277,0.406281887711684,0.784098032378895,46,13,1,1013,CV1_PAK,PAK
DTF,PAK_2019,PAK,0.0398154924083784,0.080133126008774,0.916015557519614,40,13,2,1013,CV1_PAK,PAK
DTF,PAK_2020,PAK,0.168549229088756,0.117153840169014,0.635349898806609,55,13,2,1013,CV1_PAK,PAK
DTF,PAK_2021,PAK,0.439863367754399,0.355244735976591,0.835221247884462,51,13,2,1013,CV1_PAK,PAK
DTF,PAK_2019,PAK,0.0904296599179597,-0.0882434458422192,0.819210538580366,45,13,3,1013,CV1_PAK,PAK
DTF,PAK_2020,PAK,0.191146418882665,0.157374124750774,0.776360631313662,53,13,3,1013,CV1_PAK,PAK
DTF,PAK_2021,PAK,0.102004787107038,0.244127940952192,0.77255553795607,49,13,3,1013,CV1_PAK,PAK
DTF,PAK_2019,PAK,0.192838891044627,0.0313592302722626,0.940266794938078,47,13,4,1013,CV1_PAK,PAK
DTF,PAK_2020,PAK,0.433027059038227,0.47748594581838,0.889991733968089,53,13,4,1013,CV1_PAK,PAK
DTF,PAK_2021,PAK,0.412436364516352,0.394920391729005,0.744341272547731,47,13,4,1013,CV1_PAK,PAK
DTF,PAK_2019,PAK,-0.0261967576555856,-0.17948075310282,0.632544128040694,45,13,5,1013,CV1_PAK,PAK
DTF,PAK_2020,PAK,0.216804766428653,0.0945330662137456,0.76562470944527,54,13,5,1013,CV1_PAK,PAK
DTF,PAK_2021,PAK,0.382717082416728,0.432044612836426,0.813834706149421,51,13,5,1013,CV1_PAK,PAK
DTF,PAK_2019,PAK,0.525850309843218,0.285861601830584,0.93923698163385,44,14,1,1014,CV1_PAK,PAK
DTF,PAK_2020,PAK,0.521080662459386,0.454866230108806,0.792808967890016,52,14,1,1014,CV1_PAK,PAK
DTF,PAK_2021,PAK,0.616229549842492,0.531847780344632,0.871041074464535,45,14,1,1014,CV1_PAK,PAK
DTF,PAK_2019,PAK,-0.0010647354282743,-0.0670510055491835,0.916043377521967,47,14,2,1014,CV1_PAK,PAK
DTF,PAK_2020,PAK,0.127981945950351,0.174904841751643,0.872766741967241,53,14,2,1014,CV1_PAK,PAK
DTF,PAK_2021,PAK,0.178729408988926,0.328296588416479,0.851471074329597,50,14,2,1014,CV1_PAK,PAK
DTF,PAK_2019,PAK,-0.121461290018489,-0.215477090958742,0.52568404190035,40,14,3,1014,CV1_PAK,PAK
DTF,PAK_2020,PAK,0.319855832231688,0.325978511968331,0.848070183426102,54,14,3,1014,CV1_PAK,PAK
DTF,PAK_2021,PAK,0.357777423819908,0.329394762197741,0.748057228854547,51,14,3,1014,CV1_PAK,PAK
DTF,PAK_2019,PAK,0.0191422266766222,-0.0523716815876754,0.870170482280104,46,14,4,1014,CV1_PAK,PAK
DTF,PAK_2020,PAK,0.195717373773187,0.0639495971933483,0.711822809742863,55,14,4,1014,CV1_PAK,PAK
DTF,PAK_2021,PAK,0.198119013398555,0.199012726460154,0.703192578059764,51,14,4,1014,CV1_PAK,PAK
DTF,PAK_2019,PAK,0.410150956928234,0.275045736634927,0.852588856304868,44,14,5,1014,CV1_PAK,PAK
DTF,PAK_2020,PAK,0.253722798712976,0.380206668048876,0.869613867569824,53,14,5,1014,CV1_PAK,PAK
DTF,PAK_2021,PAK,0.379352886495702,0.449277065802561,0.814986117028944,47,14,5,1014,CV1_PAK,PAK
DTF,PAK_2019,PAK,0.0550795503575251,-0.077938854691272,0.728860040927941,47,15,1,1015,CV1_PAK,PAK
DTF,PAK_2020,PAK,0.0996518456035742,0.186361489339517,0.821215707412106,54,15,1,1015,CV1_PAK,PAK
DTF,PAK_2021,PAK,0.470428489125871,0.555362542568863,0.850284839189849,48,15,1,1015,CV1_PAK,PAK
DTF,PAK_2019,PAK,0.439349310090282,0.202625973434622,0.929200503315487,37,15,2,1015,CV1_PAK,PAK
DTF,PAK_2020,PAK,0.447113759637383,0.336019458811573,0.870793085657218,48,15,2,1015,CV1_PAK,PAK
DTF,PAK_2021,PAK,0.612451129147482,0.608211698170573,0.906580707682481,48,15,2,1015,CV1_PAK,PAK
DTF,PAK_2019,PAK,0.218261879003046,0.147020197960887,0.933920938466091,49,15,3,1015,CV1_PAK,PAK
DTF,PAK_2020,PAK,0.345579581546971,0.217776063825052,0.803136665499552,54,15,3,1015,CV1_PAK,PAK
DTF,PAK_2021,PAK,0.295719021500967,0.309667739284791,0.681616052473126,47,15,3,1015,CV1_PAK,PAK
DTF,PAK_2019,PAK,0.0162104510812633,-0.107464699103389,0.503311300376169,44,15,4,1015,CV1_PAK,PAK
DTF,PAK_2020,PAK,0.264087472245991,0.114400600053906,0.696848551174054,55,15,4,1015,CV1_PAK,PAK
DTF,PAK_2021,PAK,0.365035818242992,0.311885967341332,0.794940681394192,51,15,4,1015,CV1_PAK,PAK
DTF,PAK_2019,PAK,0.179378500752374,0.0657187423989973,0.825772036022717,44,15,5,1015,CV1_PAK,PAK
DTF,PAK_2020,PAK,0.382924909558914,0.333785839391265,0.776217719054794,56,15,5,1015,CV1_PAK,PAK
DTF,PAK_2021,PAK,0.165219461965023,0.066783588160238,0.699829180953461,50,15,5,1015,CV1_PAK,PAK
DTH,AUS_2018,AUS,0.29507283551152,0.247978004150571,0.700770913914224,99,1,1,1001,CV1_AUS,AUS
DTH,AUS_2019,AUS,0.148971708573092,0.18705554777166,0.723804623480156,42,1,1,1001,CV1_AUS,AUS
DTH,AUS_2018,AUS,0.60211248286034,0.592556784484702,0.835479488106865,94,1,2,1001,CV1_AUS,AUS
DTH,AUS_2019,AUS,0.500810439797938,0.516960310218286,0.775250239543421,51,1,2,1001,CV1_AUS,AUS
DTH,AUS_2018,AUS,0.346600788128177,0.391339688249905,0.630409982222891,93,1,3,1001,CV1_AUS,AUS
DTH,AUS_2019,AUS,0.324189046159613,0.353271669898568,0.713591914392247,54,1,3,1001,CV1_AUS,AUS
DTH,AUS_2018,AUS,0.350560770849165,0.343723384383053,0.747498767560826,100,1,4,1001,CV1_AUS,AUS
DTH,AUS_2019,AUS,0.469452581810525,0.41321298828556,0.886657512173359,42,1,4,1001,CV1_AUS,AUS
DTH,AUS_2018,AUS,0.399619287076692,0.451929792988472,0.544307692650975,97,1,5,1001,CV1_AUS,AUS
DTH,AUS_2019,AUS,0.186401448868579,0.251808476930615,0.610777555907794,51,1,5,1001,CV1_AUS,AUS
DTH,AUS_2018,AUS,0.449451968195345,0.464284304428092,0.76885381316334,95,2,1,1002,CV1_AUS,AUS
DTH,AUS_2019,AUS,0.377318212850884,0.416351635841503,0.745165826569118,56,2,1,1002,CV1_AUS,AUS
DTH,AUS_2018,AUS,0.493087031039841,0.453970508840772,0.789472999689813,98,2,2,1002,CV1_AUS,AUS
DTH,AUS_2019,AUS,0.384287142806354,0.424407949773413,0.700112480393567,42,2,2,1002,CV1_AUS,AUS
DTH,AUS_2018,AUS,0.339589553528332,0.377586133743326,0.55633268551429,98,2,3,1002,CV1_AUS,AUS
DTH,AUS_2019,AUS,0.392395876597731,0.414739030825336,0.803091993545839,38,2,3,1002,CV1_AUS,AUS
DTH,AUS_2018,AUS,0.300934230436888,0.328064734018071,0.684215578966031,100,2,4,1002,CV1_AUS,AUS
DTH,AUS_2019,AUS,0.274847259697441,0.288927043445199,0.775366747847804,55,2,4,1002,CV1_AUS,AUS
DTH,AUS_2018,AUS,0.414532847442546,0.423730060299057,0.83188521709801,92,2,5,1002,CV1_AUS,AUS
DTH,AUS_2019,AUS,0.296008615281964,0.282005731681085,0.794090028460102,49,2,5,1002,CV1_AUS,AUS
DTH,AUS_2018,AUS,0.485969439444257,0.472494700589427,0.809569527300701,98,3,1,1003,CV1_AUS,AUS
DTH,AUS_2019,AUS,0.512968104311801,0.501286154374834,0.739490739442747,50,3,1,1003,CV1_AUS,AUS
DTH,AUS_2018,AUS,0.408584216609556,0.409026489463863,0.722176437960124,99,3,2,1003,CV1_AUS,AUS
DTH,AUS_2019,AUS,0.459590730166608,0.460415110857941,0.784491852190483,46,3,2,1003,CV1_AUS,AUS
DTH,AUS_2018,AUS,0.316977137685078,0.333677775601813,0.590183664715391,95,3,3,1003,CV1_AUS,AUS
DTH,AUS_2019,AUS,0.226566314062874,0.259578946955882,0.80242388573963,43,3,3,1003,CV1_AUS,AUS
DTH,AUS_2018,AUS,0.377175826779405,0.4093773205117,0.707141390035425,94,3,4,1003,CV1_AUS,AUS
DTH,AUS_2019,AUS,0.219287492060426,0.259590127952286,0.769425714444902,50,3,4,1003,CV1_AUS,AUS
DTH,AUS_2018,AUS,0.421642629598515,0.441305778278118,0.71611151544381,97,3,5,1003,CV1_AUS,AUS
DTH,AUS_2019,AUS,0.29902596393787,0.308694824836132,0.677356854232748,51,3,5,1003,CV1_AUS,AUS
DTH,AUS_2018,AUS,0.291173330358996,0.297721211762998,0.723242662373686,96,4,1,1004,CV1_AUS,AUS
DTH,AUS_2019,AUS,0.315407079885105,0.305350979813178,0.734147795603001,52,4,1,1004,CV1_AUS,AUS
DTH,AUS_2018,AUS,0.439490104795598,0.461191129957638,0.789656201561258,93,4,2,1004,CV1_AUS,AUS
DTH,AUS_2019,AUS,0.185055369609346,0.235018513075951,0.688119626575743,51,4,2,1004,CV1_AUS,AUS
DTH,AUS_2018,AUS,0.502328448254528,0.523243973794925,0.725488661980707,96,4,3,1004,CV1_AUS,AUS
DTH,AUS_2019,AUS,0.361973332535548,0.362022961013896,0.728310857610362,45,4,3,1004,CV1_AUS,AUS
DTH,AUS_2018,AUS,0.41823018025796,0.467608562585014,0.622490450503909,103,4,4,1004,CV1_AUS,AUS
DTH,AUS_2019,AUS,0.311375057882639,0.332815393158233,0.740600936796368,52,4,4,1004,CV1_AUS,AUS
DTH,AUS_2018,AUS,0.393944467546412,0.398115789965847,0.675404926573958,95,4,5,1004,CV1_AUS,AUS
DTH,AUS_2019,AUS,0.531421652712479,0.597308871512865,0.890101330408631,40,4,5,1004,CV1_AUS,AUS
DTH,AUS_2018,AUS,0.377495218907731,0.398219419781897,0.663121244073234,99,5,1,1005,CV1_AUS,AUS
DTH,AUS_2019,AUS,0.304346738648216,0.340753924215047,0.724985667430966,54,5,1,1005,CV1_AUS,AUS
DTH,AUS_2018,AUS,0.564331925073129,0.596446069794946,0.800101486397284,92,5,2,1005,CV1_AUS,AUS
DTH,AUS_2019,AUS,0.496301291594118,0.478410821669745,0.841285417128105,58,5,2,1005,CV1_AUS,AUS
DTH,AUS_2018,AUS,0.376348306204679,0.376787005295392,0.796766768869367,92,5,3,1005,CV1_AUS,AUS
DTH,AUS_2019,AUS,0.214118579718742,0.252124366624831,0.598812310432836,44,5,3,1005,CV1_AUS,AUS
DTH,AUS_2018,AUS,0.255197599145915,0.260470478486289,0.669370448214384,100,5,4,1005,CV1_AUS,AUS
DTH,AUS_2019,AUS,0.351024447328353,0.350400110582669,0.826083496828442,41,5,4,1005,CV1_AUS,AUS
DTH,AUS_2018,AUS,0.485464290896983,0.489017670136174,0.722216317755751,100,5,5,1005,CV1_AUS,AUS
DTH,AUS_2019,AUS,0.400035796247562,0.424333144948452,0.768777157241372,43,5,5,1005,CV1_AUS,AUS
DTH,AUS_2018,AUS,0.253289255132649,0.276802770327545,0.587020925438477,98,6,1,1006,CV1_AUS,AUS
DTH,AUS_2019,AUS,0.171218643559319,0.230370628352903,0.599772385344514,55,6,1,1006,CV1_AUS,AUS
DTH,AUS_2018,AUS,0.237102492548054,0.30102643831266,0.559145402055548,88,6,2,1006,CV1_AUS,AUS
DTH,AUS_2019,AUS,0.18511415778626,0.197468313173817,0.693500328581606,42,6,2,1006,CV1_AUS,AUS
DTH,AUS_2018,AUS,0.45844748962787,0.463501858924891,0.766457704444616,103,6,3,1006,CV1_AUS,AUS
DTH,AUS_2019,AUS,0.337794725395146,0.283955342071437,0.768774460758743,55,6,3,1006,CV1_AUS,AUS
DTH,AUS_2018,AUS,0.539849917423429,0.537343105952188,0.778623304899044,96,6,4,1006,CV1_AUS,AUS
DTH,AUS_2019,AUS,0.590614119801603,0.587352728043456,0.80781550844862,51,6,4,1006,CV1_AUS,AUS
DTH,AUS_2018,AUS,0.495552716451185,0.416381914191392,0.786775179533375,98,6,5,1006,CV1_AUS,AUS
DTH,AUS_2019,AUS,0.404120492904064,0.475173829553326,0.787228951981975,37,6,5,1006,CV1_AUS,AUS
DTH,AUS_2018,AUS,0.463146731794002,0.473951663905416,0.748217513357697,94,7,1,1007,CV1_AUS,AUS
DTH,AUS_2019,AUS,0.435476212423656,0.467474019616456,0.859865003749603,41,7,1,1007,CV1_AUS,AUS
DTH,AUS_2018,AUS,0.293538007001642,0.285384223390373,0.697093496126451,101,7,2,1007,CV1_AUS,AUS
DTH,AUS_2019,AUS,0.0918253660693637,0.152866935211473,0.761829976899756,44,7,2,1007,CV1_AUS,AUS
DTH,AUS_2018,AUS,0.584986851839405,0.614596511720534,0.821828205187942,99,7,3,1007,CV1_AUS,AUS
DTH,AUS_2019,AUS,0.558352764645709,0.566028154659746,0.720326907716653,53,7,3,1007,CV1_AUS,AUS
DTH,AUS_2018,AUS,0.287318432056384,0.271417822465519,0.688476891744134,93,7,4,1007,CV1_AUS,AUS
DTH,AUS_2019,AUS,0.226090076160705,0.223113077635434,0.754412347426182,57,7,4,1007,CV1_AUS,AUS
DTH,AUS_2018,AUS,0.310669073147957,0.29290161901253,0.528323979887738,96,7,5,1007,CV1_AUS,AUS
DTH,AUS_2019,AUS,0.4133792678774,0.382416522009561,0.762466636714227,45,7,5,1007,CV1_AUS,AUS
DTH,AUS_2018,AUS,0.302995958368766,0.322530709475812,0.75814750019347,100,8,1,1008,CV1_AUS,AUS
DTH,AUS_2019,AUS,0.21964879089538,0.193773525993439,0.679892683788051,52,8,1,1008,CV1_AUS,AUS
DTH,AUS_2018,AUS,0.421510801834143,0.494038111711239,0.726044052320354,91,8,2,1008,CV1_AUS,AUS
DTH,AUS_2019,AUS,0.532832642682811,0.612019928556611,0.945504191621402,45,8,2,1008,CV1_AUS,AUS
DTH,AUS_2018,AUS,0.458669472395321,0.443651669400698,0.752399523080472,101,8,3,1008,CV1_AUS,AUS
DTH,AUS_2019,AUS,0.309685708149408,0.288420167209234,0.757673073516265,45,8,3,1008,CV1_AUS,AUS
DTH,AUS_2018,AUS,0.383786189210649,0.429125710860285,0.580840478342854,94,8,4,1008,CV1_AUS,AUS
DTH,AUS_2019,AUS,0.420488498665988,0.43826721422293,0.882337648738363,57,8,4,1008,CV1_AUS,AUS
DTH,AUS_2018,AUS,0.503905978368785,0.463360811408074,0.813613205436446,97,8,5,1008,CV1_AUS,AUS
DTH,AUS_2019,AUS,0.28298721772349,0.302024701126326,0.622008439013563,41,8,5,1008,CV1_AUS,AUS
DTH,AUS_2018,AUS,0.288794830474939,0.331521464907411,0.601917393994715,95,9,1,1009,CV1_AUS,AUS
DTH,AUS_2019,AUS,0.379541138071866,0.373712365644027,0.873796928494546,50,9,1,1009,CV1_AUS,AUS
DTH,AUS_2018,AUS,0.299280390143951,0.25601403154304,0.669158633458016,101,9,2,1009,CV1_AUS,AUS
DTH,AUS_2019,AUS,0.199027826700461,0.182272119145877,0.582008929494626,43,9,2,1009,CV1_AUS,AUS
DTH,AUS_2018,AUS,0.418687450687987,0.438954710732062,0.853453728241397,94,9,3,1009,CV1_AUS,AUS
DTH,AUS_2019,AUS,0.462133727493124,0.400752798964885,0.838800705994402,50,9,3,1009,CV1_AUS,AUS
DTH,AUS_2018,AUS,0.487932976671869,0.503983453946021,0.697650146730156,96,9,4,1009,CV1_AUS,AUS
DTH,AUS_2019,AUS,0.293147917984786,0.346017436151648,0.632680891370212,48,9,4,1009,CV1_AUS,AUS
DTH,AUS_2018,AUS,0.514827261804514,0.528159710767363,0.799926188805423,97,9,5,1009,CV1_AUS,AUS
DTH,AUS_2019,AUS,0.430339233002837,0.491339083352702,0.766272671939851,49,9,5,1009,CV1_AUS,AUS
DTH,AUS_2018,AUS,0.459050188881099,0.44832395760383,0.721362473847407,101,10,1,1010,CV1_AUS,AUS
DTH,AUS_2019,AUS,0.32039679310914,0.306702727049565,0.798606349467727,42,10,1,1010,CV1_AUS,AUS
DTH,AUS_2018,AUS,0.334676013224985,0.333879847938903,0.734327752705958,95,10,2,1010,CV1_AUS,AUS
DTH,AUS_2019,AUS,0.232571835693782,0.24757605909202,0.818537706391112,45,10,2,1010,CV1_AUS,AUS
DTH,AUS_2018,AUS,0.438574119454844,0.417626974529714,0.691287139290018,104,10,3,1010,CV1_AUS,AUS
DTH,AUS_2019,AUS,0.441252009365558,0.413942729416672,0.809296843524957,46,10,3,1010,CV1_AUS,AUS
DTH,AUS_2018,AUS,0.453860471113279,0.478172199861995,0.751048662227651,90,10,4,1010,CV1_AUS,AUS
DTH,AUS_2019,AUS,0.325389399453581,0.313059878295624,0.6746793364673,51,10,4,1010,CV1_AUS,AUS
DTH,AUS_2018,AUS,0.379296862567103,0.401648011699876,0.760653812533957,93,10,5,1010,CV1_AUS,AUS
DTH,AUS_2019,AUS,0.383027783194112,0.481008679379965,0.812919074857519,56,10,5,1010,CV1_AUS,AUS
DTH,AUS_2018,AUS,0.408418556789109,0.476391464330322,0.646656770372967,94,11,1,1011,CV1_AUS,AUS
DTH,AUS_2019,AUS,0.456980033167864,0.430662148480004,0.816279825679357,59,11,1,1011,CV1_AUS,AUS
DTH,AUS_2018,AUS,0.332213391250758,0.288630956941396,0.734673195763486,104,11,2,1011,CV1_AUS,AUS
DTH,AUS_2019,AUS,0.140843294483014,0.175664038402716,0.743728727613096,52,11,2,1011,CV1_AUS,AUS
DTH,AUS_2018,AUS,0.508381705589269,0.513080824552319,0.713350199825957,98,11,3,1011,CV1_AUS,AUS
DTH,AUS_2019,AUS,0.466667037299924,0.517972598850019,0.854662320181388,43,11,3,1011,CV1_AUS,AUS
DTH,AUS_2018,AUS,0.399353634259133,0.400356006197491,0.749696283538828,91,11,4,1011,CV1_AUS,AUS
DTH,AUS_2019,AUS,0.315696961263516,0.321907151173694,0.707697364301233,44,11,4,1011,CV1_AUS,AUS
DTH,AUS_2018,AUS,0.443032115928591,0.440937932340399,0.79080672550674,96,11,5,1011,CV1_AUS,AUS
DTH,AUS_2019,AUS,0.382726055441609,0.399041098506038,0.838257665472074,42,11,5,1011,CV1_AUS,AUS
DTH,AUS_2018,AUS,0.417301489032821,0.422609208177078,0.662673272794243,100,12,1,1012,CV1_AUS,AUS
DTH,AUS_2019,AUS,0.357475284769505,0.35764134704414,0.745875759412944,45,12,1,1012,CV1_AUS,AUS
DTH,AUS_2018,AUS,0.435853925869623,0.425843951687383,0.816121144717001,93,12,2,1012,CV1_AUS,AUS
DTH,AUS_2019,AUS,0.337767120556229,0.417152433446901,0.828562900868461,53,12,2,1012,CV1_AUS,AUS
DTH,AUS_2018,AUS,0.423348785222427,0.410521895653864,0.757662259054587,94,12,3,1012,CV1_AUS,AUS
DTH,AUS_2019,AUS,0.377382205898268,0.341726176030616,0.798335353774685,48,12,3,1012,CV1_AUS,AUS
DTH,AUS_2018,AUS,0.448959508164834,0.453755175891658,0.748727630780843,99,12,4,1012,CV1_AUS,AUS
DTH,AUS_2019,AUS,0.438148986727198,0.445059924124633,0.781680872011956,48,12,4,1012,CV1_AUS,AUS
DTH,AUS_2018,AUS,0.356986216805391,0.372839766115295,0.701433452901836,97,12,5,1012,CV1_AUS,AUS
DTH,AUS_2019,AUS,0.286114407793118,0.269758712925388,0.719000531554631,46,12,5,1012,CV1_AUS,AUS
DTH,AUS_2018,AUS,0.428391937068375,0.438241640947075,0.735395077816946,97,13,1,1013,CV1_AUS,AUS
DTH,AUS_2019,AUS,0.373537829264177,0.310207945943482,0.951759847452551,50,13,1,1013,CV1_AUS,AUS
DTH,AUS_2018,AUS,0.340186625357878,0.361721427878939,0.637649505147068,97,13,2,1013,CV1_AUS,AUS
DTH,AUS_2019,AUS,0.329240371270847,0.332576881684926,0.756378558330975,41,13,2,1013,CV1_AUS,AUS
DTH,AUS_2018,AUS,0.427757116208732,0.411688794044867,0.7932383999963,97,13,3,1013,CV1_AUS,AUS
DTH,AUS_2019,AUS,0.427953511783006,0.458638106138112,0.810874277392331,51,13,3,1013,CV1_AUS,AUS
DTH,AUS_2018,AUS,0.483446233091772,0.455565494840807,0.848421151327508,96,13,4,1013,CV1_AUS,AUS
DTH,AUS_2019,AUS,0.258748246427164,0.289609709488168,0.639463962081556,53,13,4,1013,CV1_AUS,AUS
DTH,AUS_2018,AUS,0.355374185557124,0.372664892974248,0.578165299256557,96,13,5,1013,CV1_AUS,AUS
DTH,AUS_2019,AUS,0.365445069015146,0.38204800548708,0.69875728548028,45,13,5,1013,CV1_AUS,AUS
DTH,AUS_2018,AUS,0.433110394927183,0.492371506415643,0.756407760601261,97,14,1,1014,CV1_AUS,AUS
DTH,AUS_2019,AUS,0.4598305545094,0.515588960419806,0.62437844109711,48,14,1,1014,CV1_AUS,AUS
DTH,AUS_2018,AUS,0.333534418192986,0.361301939560819,0.631103832562638,100,14,2,1014,CV1_AUS,AUS
DTH,AUS_2019,AUS,0.252471809565927,0.266564091472199,0.622075859146014,47,14,2,1014,CV1_AUS,AUS
DTH,AUS_2018,AUS,0.441041948570236,0.427501932955554,0.707864300688095,94,14,3,1014,CV1_AUS,AUS
DTH,AUS_2019,AUS,0.430109776178187,0.407477703859038,0.822751425017172,43,14,3,1014,CV1_AUS,AUS
DTH,AUS_2018,AUS,0.407954794036671,0.450557552087705,0.688248741750937,96,14,4,1014,CV1_AUS,AUS
DTH,AUS_2019,AUS,0.403960155604765,0.425393788244845,0.807397658526607,50,14,4,1014,CV1_AUS,AUS
DTH,AUS_2018,AUS,0.334828036246041,0.28965971628791,0.730949416655297,96,14,5,1014,CV1_AUS,AUS
DTH,AUS_2019,AUS,0.260967941857528,0.285476284867396,0.76455705602972,52,14,5,1014,CV1_AUS,AUS
DTH,AUS_2018,AUS,0.369858219673978,0.360619785581226,0.685293431374602,98,15,1,1015,CV1_AUS,AUS
DTH,AUS_2019,AUS,0.377471404145221,0.269151836901132,0.728856719482878,40,15,1,1015,CV1_AUS,AUS
DTH,AUS_2018,AUS,0.548176113040141,0.508686880599744,0.881942700601937,93,15,2,1015,CV1_AUS,AUS
DTH,AUS_2019,AUS,0.295364837656217,0.29647518836969,0.757801085868997,54,15,2,1015,CV1_AUS,AUS
DTH,AUS_2018,AUS,0.426240786320361,0.477473893936636,0.749862476854199,99,15,3,1015,CV1_AUS,AUS
DTH,AUS_2019,AUS,0.305978971414941,0.356492024227565,0.863232312934559,47,15,3,1015,CV1_AUS,AUS
DTH,AUS_2018,AUS,0.144714938718925,0.176543101007361,0.482207664321244,97,15,4,1015,CV1_AUS,AUS
DTH,AUS_2019,AUS,0.180229613621746,0.202477972478007,0.68046854157649,48,15,4,1015,CV1_AUS,AUS
DTH,AUS_2018,AUS,0.517226054237608,0.524082192411655,0.760537625580276,96,15,5,1015,CV1_AUS,AUS
DTH,AUS_2019,AUS,0.544338342674682,0.560066942525037,0.885112634750573,51,15,5,1015,CV1_AUS,AUS
DTH,PAK_2019,PAK,0.219014457187682,0.263927507410315,0.807793830988428,43,1,1,1001,CV1_PAK,PAK
DTH,PAK_2020,PAK,0.371366748715217,0.461044267358841,0.932269738244403,48,1,1,1001,CV1_PAK,PAK
DTH,PAK_2021,PAK,0.231816050937193,0.144385974331441,0.834962043275033,47,1,1,1001,CV1_PAK,PAK
DTH,PAK_2019,PAK,0.24279314988677,0.187329712993123,0.771481032054493,41,1,2,1001,CV1_PAK,PAK
DTH,PAK_2020,PAK,0.241017312724207,0.190139775825755,0.782614872666794,50,1,2,1001,CV1_PAK,PAK
DTH,PAK_2021,PAK,0.308766166097338,0.206642105022024,0.87907636382194,51,1,2,1001,CV1_PAK,PAK
DTH,PAK_2019,PAK,0.195029172460071,0.230795287219049,0.760408672215126,49,1,3,1001,CV1_PAK,PAK
DTH,PAK_2020,PAK,0.395471486513345,0.415832345651523,0.807588132779649,47,1,3,1001,CV1_PAK,PAK
DTH,PAK_2021,PAK,0.30972447816278,0.363127928244645,0.882684827233286,48,1,3,1001,CV1_PAK,PAK
DTH,PAK_2019,PAK,0.522698936751486,0.495950911523792,0.909483135046884,40,1,4,1001,CV1_PAK,PAK
DTH,PAK_2020,PAK,0.488180664404332,0.419445546193189,0.792474573909377,50,1,4,1001,CV1_PAK,PAK
DTH,PAK_2021,PAK,0.552206438919892,0.47177497216999,0.869794478593899,46,1,4,1001,CV1_PAK,PAK
DTH,PAK_2019,PAK,0.343041790246435,0.344161062325615,0.833613596441024,35,1,5,1001,CV1_PAK,PAK
DTH,PAK_2020,PAK,0.323640441529026,0.34002572916599,0.863347043182567,48,1,5,1001,CV1_PAK,PAK
DTH,PAK_2021,PAK,0.345378864335296,0.404650388884518,0.900871573260744,47,1,5,1001,CV1_PAK,PAK
DTH,PAK_2019,PAK,0.337232723928512,0.322382620220667,0.748384231775428,43,2,1,1002,CV1_PAK,PAK
DTH,PAK_2020,PAK,-0.0285550738409006,-0.0561551257769914,0.68170960200126,50,2,1,1002,CV1_PAK,PAK
DTH,PAK_2021,PAK,0.0284980852306767,-0.085054597961362,0.748501474827649,52,2,1,1002,CV1_PAK,PAK
DTH,PAK_2019,PAK,0.22032852405168,0.300604297467953,0.874967748678261,33,2,2,1002,CV1_PAK,PAK
DTH,PAK_2020,PAK,0.170519409196131,0.136842628825336,0.736468857550162,49,2,2,1002,CV1_PAK,PAK
DTH,PAK_2021,PAK,0.108804858898389,0.104145747511609,0.771095062558208,48,2,2,1002,CV1_PAK,PAK
DTH,PAK_2019,PAK,0.432087232821793,0.473866609565821,0.841284893528645,37,2,3,1002,CV1_PAK,PAK
DTH,PAK_2020,PAK,0.636243244329095,0.628318092331155,0.891654453490407,44,2,3,1002,CV1_PAK,PAK
DTH,PAK_2021,PAK,0.528727875074991,0.538616234317582,0.887974326930158,48,2,3,1002,CV1_PAK,PAK
DTH,PAK_2019,PAK,0.23900318941763,0.22174682991801,0.745191992151732,47,2,4,1002,CV1_PAK,PAK
DTH,PAK_2020,PAK,0.555099166739793,0.540624188368042,0.904227598573203,54,2,4,1002,CV1_PAK,PAK
DTH,PAK_2021,PAK,0.52958496701373,0.543236954072163,0.922713761402081,45,2,4,1002,CV1_PAK,PAK
DTH,PAK_2019,PAK,0.18838317741656,0.192579584871785,0.801983993903415,48,2,5,1002,CV1_PAK,PAK
DTH,PAK_2020,PAK,0.381249467510537,0.368989386815174,0.916698176102963,46,2,5,1002,CV1_PAK,PAK
DTH,PAK_2021,PAK,0.460049293337624,0.363950573165783,0.865144796129052,46,2,5,1002,CV1_PAK,PAK
DTH,PAK_2019,PAK,0.337436439226176,0.329209897330133,0.852706947565896,42,3,1,1003,CV1_PAK,PAK
DTH,PAK_2020,PAK,0.314662801628038,0.271416329250771,0.766590627391153,52,3,1,1003,CV1_PAK,PAK
DTH,PAK_2021,PAK,0.401767838157357,0.381648666863717,0.917662767444052,51,3,1,1003,CV1_PAK,PAK
DTH,PAK_2019,PAK,0.182830902278583,0.193479116626293,0.820584129921616,46,3,2,1003,CV1_PAK,PAK
DTH,PAK_2020,PAK,0.315592316270818,0.319082845240815,0.854976267728393,49,3,2,1003,CV1_PAK,PAK
DTH,PAK_2021,PAK,0.330051456934598,0.287099628890767,0.862536069931268,46,3,2,1003,CV1_PAK,PAK
DTH,PAK_2019,PAK,0.198615409420936,0.223787786201004,0.755348084762774,40,3,3,1003,CV1_PAK,PAK
DTH,PAK_2020,PAK,0.295880631316947,0.279156248252309,0.794386541133511,49,3,3,1003,CV1_PAK,PAK
DTH,PAK_2021,PAK,0.316929060855113,0.241801040158854,0.886309745796828,45,3,3,1003,CV1_PAK,PAK
DTH,PAK_2019,PAK,0.548092756517433,0.574749856926742,0.890080004529264,38,3,4,1003,CV1_PAK,PAK
DTH,PAK_2020,PAK,0.392789289085259,0.468906266852247,0.921842298295971,46,3,4,1003,CV1_PAK,PAK
DTH,PAK_2021,PAK,0.382789573532647,0.387493201148342,0.912839193472734,47,3,4,1003,CV1_PAK,PAK
DTH,PAK_2019,PAK,0.178749195108828,0.174719348814223,0.692763466584688,42,3,5,1003,CV1_PAK,PAK
DTH,PAK_2020,PAK,0.508495514263169,0.476660928685138,0.878870872011019,47,3,5,1003,CV1_PAK,PAK
DTH,PAK_2021,PAK,0.32346153656844,0.350125154342943,0.854105824501256,50,3,5,1003,CV1_PAK,PAK
DTH,PAK_2019,PAK,0.342165491667327,0.312788266784161,0.827401321083586,42,4,1,1004,CV1_PAK,PAK
DTH,PAK_2020,PAK,0.443600686918359,0.453642476490899,0.780272467910941,49,4,1,1004,CV1_PAK,PAK
DTH,PAK_2021,PAK,0.462038959569294,0.509752161403892,0.866002153389703,50,4,1,1004,CV1_PAK,PAK
DTH,PAK_2019,PAK,0.336824241357148,0.380522760589784,0.933820707914921,42,4,2,1004,CV1_PAK,PAK
DTH,PAK_2020,PAK,0.404747203027723,0.384152822298764,0.818890908043433,51,4,2,1004,CV1_PAK,PAK
DTH,PAK_2021,PAK,0.374592152610583,0.26148839717293,0.880313569599758,48,4,2,1004,CV1_PAK,PAK
DTH,PAK_2019,PAK,0.221868639371082,0.207833135556861,0.654957026805571,39,4,3,1004,CV1_PAK,PAK
DTH,PAK_2020,PAK,0.512195698508671,0.513522345588533,0.927771880662443,50,4,3,1004,CV1_PAK,PAK
DTH,PAK_2021,PAK,0.356768588767436,0.358060527163099,0.870697721826447,47,4,3,1004,CV1_PAK,PAK
DTH,PAK_2019,PAK,0.250793389007704,0.241663478513272,0.697069995530702,50,4,4,1004,CV1_PAK,PAK
DTH,PAK_2020,PAK,0.309000559120326,0.306060606721013,0.821341271941758,47,4,4,1004,CV1_PAK,PAK
DTH,PAK_2021,PAK,0.246532273018283,0.211206374168215,0.851972899056388,45,4,4,1004,CV1_PAK,PAK
DTH,PAK_2019,PAK,0.323796760448772,0.37485400157476,0.926148317775058,35,4,5,1004,CV1_PAK,PAK
DTH,PAK_2020,PAK,0.153361343570929,0.12069594699299,0.812544660039706,46,4,5,1004,CV1_PAK,PAK
DTH,PAK_2021,PAK,0.179445449983581,0.113856865602539,0.844272485301143,49,4,5,1004,CV1_PAK,PAK
DTH,PAK_2019,PAK,0.327010868070288,0.330478899097563,0.842719560130253,44,5,1,1005,CV1_PAK,PAK
DTH,PAK_2020,PAK,0.292846462203548,0.292612720364825,0.850425823446332,49,5,1,1005,CV1_PAK,PAK
DTH,PAK_2021,PAK,0.337039176363744,0.261117732620184,0.876796741145264,48,5,1,1005,CV1_PAK,PAK
DTH,PAK_2019,PAK,0.264876225936278,0.251305495491496,0.736601170676063,39,5,2,1005,CV1_PAK,PAK
DTH,PAK_2020,PAK,0.509596238015169,0.539330764397575,0.788955530129894,46,5,2,1005,CV1_PAK,PAK
DTH,PAK_2021,PAK,0.326886694804347,0.475619730745115,0.819588739168528,44,5,2,1005,CV1_PAK,PAK
DTH,PAK_2019,PAK,0.0924573096959549,0.155629304803133,0.773567170582945,40,5,3,1005,CV1_PAK,PAK
DTH,PAK_2020,PAK,0.359316261847381,0.345832132101576,0.858086211395477,45,5,3,1005,CV1_PAK,PAK
DTH,PAK_2021,PAK,0.261677493619277,0.24681148749249,0.843727070521881,47,5,3,1005,CV1_PAK,PAK
DTH,PAK_2019,PAK,0.473471418134036,0.472144388421494,0.904185368680807,44,5,4,1005,CV1_PAK,PAK
DTH,PAK_2020,PAK,0.217715488785898,0.229551972272541,0.865991555244939,49,5,4,1005,CV1_PAK,PAK
DTH,PAK_2021,PAK,0.417875177983042,0.42403830772879,0.914890435897186,49,5,4,1005,CV1_PAK,PAK
DTH,PAK_2019,PAK,0.229630643483556,0.273376804712452,0.753914569166185,41,5,5,1005,CV1_PAK,PAK
DTH,PAK_2020,PAK,0.449898744414195,0.427197012335125,0.907166437170462,54,5,5,1005,CV1_PAK,PAK
DTH,PAK_2021,PAK,0.438494526250892,0.390182178357525,0.893174351334186,51,5,5,1005,CV1_PAK,PAK
DTH,PAK_2019,PAK,0.100790996262829,0.186665811902616,0.724527945246355,44,6,1,1006,CV1_PAK,PAK
DTH,PAK_2020,PAK,0.479827065864392,0.484580397455044,0.849514404645712,44,6,1,1006,CV1_PAK,PAK
DTH,PAK_2021,PAK,0.135834254453679,0.141675944345227,0.716283968008944,46,6,1,1006,CV1_PAK,PAK
DTH,PAK_2019,PAK,0.193560212424158,0.213184790580844,0.844615159566207,41,6,2,1006,CV1_PAK,PAK
DTH,PAK_2020,PAK,0.285622918185369,0.237081252565326,0.868898079002244,50,6,2,1006,CV1_PAK,PAK
DTH,PAK_2021,PAK,0.350246600301153,0.319413559733065,0.891474769916297,48,6,2,1006,CV1_PAK,PAK
DTH,PAK_2019,PAK,0.470099634142079,0.398025548427164,0.708884071582254,38,6,3,1006,CV1_PAK,PAK
DTH,PAK_2020,PAK,0.419212253612014,0.398931397782084,0.818303072416773,52,6,3,1006,CV1_PAK,PAK
DTH,PAK_2021,PAK,0.428484028169198,0.432227683166837,0.937460811902044,47,6,3,1006,CV1_PAK,PAK
DTH,PAK_2019,PAK,0.222288488322862,0.174307894600127,0.729081205432916,42,6,4,1006,CV1_PAK,PAK
DTH,PAK_2020,PAK,0.267861126848516,0.243929162138571,0.806058744318394,49,6,4,1006,CV1_PAK,PAK
DTH,PAK_2021,PAK,0.431036435003917,0.388033862209358,0.891070487352005,49,6,4,1006,CV1_PAK,PAK
DTH,PAK_2019,PAK,0.455561107115195,0.538725480470624,0.946399787552338,43,6,5,1006,CV1_PAK,PAK
DTH,PAK_2020,PAK,0.401769969597505,0.413242678975167,0.845026740320951,48,6,5,1006,CV1_PAK,PAK
DTH,PAK_2021,PAK,0.321407033240851,0.282927914186666,0.890707996125893,49,6,5,1006,CV1_PAK,PAK
DTH,PAK_2019,PAK,0.327893025182822,0.266087391399392,0.759819182457017,41,7,1,1007,CV1_PAK,PAK
DTH,PAK_2020,PAK,0.334435609167751,0.296345461701594,0.762736143130238,43,7,1,1007,CV1_PAK,PAK
DTH,PAK_2021,PAK,0.485644749919338,0.490196118610104,0.904182193025784,47,7,1,1007,CV1_PAK,PAK
DTH,PAK_2019,PAK,0.152240535580805,0.222326602907679,0.644686528732947,44,7,2,1007,CV1_PAK,PAK
DTH,PAK_2020,PAK,0.427300226430125,0.381352770770379,0.874998166591607,47,7,2,1007,CV1_PAK,PAK
DTH,PAK_2021,PAK,0.401594855677967,0.325035341756348,0.859383727390936,44,7,2,1007,CV1_PAK,PAK
DTH,PAK_2019,PAK,0.216371971843544,0.227925998928857,0.737484419456257,41,7,3,1007,CV1_PAK,PAK
DTH,PAK_2020,PAK,0.378207466972225,0.345899960973741,0.868980546125625,49,7,3,1007,CV1_PAK,PAK
DTH,PAK_2021,PAK,0.248025804431291,0.23290695882271,0.819623808411586,48,7,3,1007,CV1_PAK,PAK
DTH,PAK_2019,PAK,0.27277532014154,0.296872323608084,0.924529228547363,39,7,4,1007,CV1_PAK,PAK
DTH,PAK_2020,PAK,0.315628436894069,0.317434293523017,0.910601272337819,49,7,4,1007,CV1_PAK,PAK
DTH,PAK_2021,PAK,0.435613959134347,0.411246765976126,0.917039168097695,51,7,4,1007,CV1_PAK,PAK
DTH,PAK_2019,PAK,0.504938633687718,0.475471790131339,0.914344523086529,43,7,5,1007,CV1_PAK,PAK
DTH,PAK_2020,PAK,0.314592519680652,0.327944973363877,0.684119357124472,55,7,5,1007,CV1_PAK,PAK
DTH,PAK_2021,PAK,0.190631072881747,0.186983179032232,0.803829120410634,49,7,5,1007,CV1_PAK,PAK
DTH,PAK_2019,PAK,0.428436094093531,0.426651642004411,0.795915271557473,40,8,1,1008,CV1_PAK,PAK
DTH,PAK_2020,PAK,0.356205518087326,0.346564357109461,0.852518732728551,49,8,1,1008,CV1_PAK,PAK
DTH,PAK_2021,PAK,0.137253154412083,0.151052836214471,0.827531457298008,45,8,1,1008,CV1_PAK,PAK
DTH,PAK_2019,PAK,0.0686638788009279,0.0874559503280403,0.808007704990821,42,8,2,1008,CV1_PAK,PAK
DTH,PAK_2020,PAK,0.233796287813924,0.156271282518707,0.772622908232753,50,8,2,1008,CV1_PAK,PAK
DTH,PAK_2021,PAK,0.385113307950135,0.329258539176022,0.915193467924681,53,8,2,1008,CV1_PAK,PAK
DTH,PAK_2019,PAK,0.25542709870171,0.269484549415923,0.878849665359375,44,8,3,1008,CV1_PAK,PAK
DTH,PAK_2020,PAK,0.544196775198664,0.548455902871202,0.904355844807986,47,8,3,1008,CV1_PAK,PAK
DTH,PAK_2021,PAK,0.573453267641156,0.450711255748199,0.924277625104972,46,8,3,1008,CV1_PAK,PAK
DTH,PAK_2019,PAK,0.418033802425493,0.400489991188995,0.821456790039214,39,8,4,1008,CV1_PAK,PAK
DTH,PAK_2020,PAK,0.305910218704901,0.296888883955186,0.82223118576243,50,8,4,1008,CV1_PAK,PAK
DTH,PAK_2021,PAK,0.170873076528649,0.184722515487771,0.815287788424884,52,8,4,1008,CV1_PAK,PAK
DTH,PAK_2019,PAK,0.284619798039608,0.309279162757086,0.798233388699468,43,8,5,1008,CV1_PAK,PAK
DTH,PAK_2020,PAK,0.387316814135118,0.371712313914631,0.819780919574362,47,8,5,1008,CV1_PAK,PAK
DTH,PAK_2021,PAK,0.471836410706237,0.494087550316623,0.85657584726645,43,8,5,1008,CV1_PAK,PAK
DTH,PAK_2019,PAK,0.286420234977999,0.237652137166994,0.834498949724379,38,9,1,1009,CV1_PAK,PAK
DTH,PAK_2020,PAK,0.221043009357456,0.251253857979301,0.852404289462433,51,9,1,1009,CV1_PAK,PAK
DTH,PAK_2021,PAK,0.219060808717249,0.190393465288875,0.857132963071091,48,9,1,1009,CV1_PAK,PAK
DTH,PAK_2019,PAK,0.421855078932808,0.438779992733923,0.890730466821312,39,9,2,1009,CV1_PAK,PAK
DTH,PAK_2020,PAK,0.135099696340741,0.203562690574847,0.710051091160941,47,9,2,1009,CV1_PAK,PAK
DTH,PAK_2021,PAK,0.229610664208338,0.31788039841748,0.775586757629249,46,9,2,1009,CV1_PAK,PAK
DTH,PAK_2019,PAK,0.237284384118528,0.275741240138569,0.708222093704491,45,9,3,1009,CV1_PAK,PAK
DTH,PAK_2020,PAK,0.330199729010816,0.327154307765581,0.791431586523575,46,9,3,1009,CV1_PAK,PAK
DTH,PAK_2021,PAK,0.249597316235417,0.230816408626227,0.799203189489564,49,9,3,1009,CV1_PAK,PAK
DTH,PAK_2019,PAK,0.23417222570776,0.271485680788054,0.756781233543419,45,9,4,1009,CV1_PAK,PAK
DTH,PAK_2020,PAK,0.47810365469768,0.481355199890975,0.882804700250957,48,9,4,1009,CV1_PAK,PAK
DTH,PAK_2021,PAK,0.482506972155072,0.468431003838708,0.913604661285315,47,9,4,1009,CV1_PAK,PAK
DTH,PAK_2019,PAK,0.285991973932064,0.284842088589076,0.853662543873127,41,9,5,1009,CV1_PAK,PAK
DTH,PAK_2020,PAK,0.537661516934039,0.499230277521326,0.893867446429648,51,9,5,1009,CV1_PAK,PAK
DTH,PAK_2021,PAK,0.431531975849926,0.362181769283183,0.879280796931262,49,9,5,1009,CV1_PAK,PAK
DTH,PAK_2019,PAK,0.382251621716233,0.41477730674679,0.858457682951318,44,10,1,1010,CV1_PAK,PAK
DTH,PAK_2020,PAK,0.379958797175352,0.362958590475018,0.860252568951848,49,10,1,1010,CV1_PAK,PAK
DTH,PAK_2021,PAK,0.40532669404344,0.345876701361108,0.88393995337487,50,10,1,1010,CV1_PAK,PAK
DTH,PAK_2019,PAK,0.282045333233239,0.295991740950535,0.672886220314195,44,10,2,1010,CV1_PAK,PAK
DTH,PAK_2020,PAK,0.265261585130502,0.265493203256939,0.816745203549448,50,10,2,1010,CV1_PAK,PAK
DTH,PAK_2021,PAK,0.221784216597025,0.195792057802354,0.811211244193376,48,10,2,1010,CV1_PAK,PAK
DTH,PAK_2019,PAK,0.184446782323685,0.151833561428575,0.846002893779674,37,10,3,1010,CV1_PAK,PAK
DTH,PAK_2020,PAK,0.416435121083511,0.363193873315755,0.725848188506934,45,10,3,1010,CV1_PAK,PAK
DTH,PAK_2021,PAK,0.29440304209856,0.241439174392799,0.860407904021547,47,10,3,1010,CV1_PAK,PAK
DTH,PAK_2019,PAK,0.255942586746143,0.28565417509091,0.831670111117285,41,10,4,1010,CV1_PAK,PAK
DTH,PAK_2020,PAK,0.463414044101848,0.440287934387656,0.880020404668183,47,10,4,1010,CV1_PAK,PAK
DTH,PAK_2021,PAK,0.281303765714591,0.241945732337372,0.866267687246685,44,10,4,1010,CV1_PAK,PAK
DTH,PAK_2019,PAK,0.396415946501024,0.412661244306521,0.825533816432968,42,10,5,1010,CV1_PAK,PAK
DTH,PAK_2020,PAK,0.289777157016213,0.323322341922739,0.881570589675078,52,10,5,1010,CV1_PAK,PAK
DTH,PAK_2021,PAK,0.495573202584624,0.508695281981511,0.934129749632215,50,10,5,1010,CV1_PAK,PAK
DTH,PAK_2019,PAK,0.162283951582882,0.105059389219756,0.688457656604098,42,11,1,1011,CV1_PAK,PAK
DTH,PAK_2020,PAK,0.388853490900296,0.32102887418585,0.773199570648298,49,11,1,1011,CV1_PAK,PAK
DTH,PAK_2021,PAK,0.323201569218647,0.272203903714313,0.87121400298636,48,11,1,1011,CV1_PAK,PAK
DTH,PAK_2019,PAK,0.119987174911031,0.159435316451476,0.653038221168691,44,11,2,1011,CV1_PAK,PAK
DTH,PAK_2020,PAK,0.316187381510744,0.333506460391462,0.829822395458152,52,11,2,1011,CV1_PAK,PAK
DTH,PAK_2021,PAK,0.036768377129982,0.0090233400630017,0.669083229294946,47,11,2,1011,CV1_PAK,PAK
DTH,PAK_2019,PAK,0.288346026351483,0.244023459224747,0.872761187411492,38,11,3,1011,CV1_PAK,PAK
DTH,PAK_2020,PAK,0.330079838267598,0.280285611832352,0.719774393954837,47,11,3,1011,CV1_PAK,PAK
DTH,PAK_2021,PAK,0.35229742625384,0.28643573510623,0.792734006293438,48,11,3,1011,CV1_PAK,PAK
DTH,PAK_2019,PAK,0.501767509420046,0.520032758221227,0.89715801264856,44,11,4,1011,CV1_PAK,PAK
DTH,PAK_2020,PAK,0.280765816396917,0.292251151185362,0.905424193458559,51,11,4,1011,CV1_PAK,PAK
DTH,PAK_2021,PAK,0.594424293138133,0.602697587173813,0.970452177154058,51,11,4,1011,CV1_PAK,PAK
DTH,PAK_2019,PAK,0.287783110514049,0.27204920657529,0.757936453796663,40,11,5,1011,CV1_PAK,PAK
DTH,PAK_2020,PAK,0.541474583247425,0.500002203186986,0.858992435087896,44,11,5,1011,CV1_PAK,PAK
DTH,PAK_2021,PAK,0.440051188638284,0.471108023451973,0.868195992854995,45,11,5,1011,CV1_PAK,PAK
DTH,PAK_2019,PAK,0.160448966479063,0.263697748810403,0.805436280771597,41,12,1,1012,CV1_PAK,PAK
DTH,PAK_2020,PAK,0.280381635843143,0.281463705457735,0.874649407464379,51,12,1,1012,CV1_PAK,PAK
DTH,PAK_2021,PAK,0.369726890088289,0.383105808342363,0.91476264249585,49,12,1,1012,CV1_PAK,PAK
DTH,PAK_2019,PAK,0.327416850439546,0.286451114226007,0.715601680548776,32,12,2,1012,CV1_PAK,PAK
DTH,PAK_2020,PAK,0.336158613867561,0.278906041388912,0.672635777339213,49,12,2,1012,CV1_PAK,PAK
DTH,PAK_2021,PAK,0.309018799096842,0.325640296498157,0.796089076476961,46,12,2,1012,CV1_PAK,PAK
DTH,PAK_2019,PAK,0.109456671638476,0.145647901210621,0.580507190831984,46,12,3,1012,CV1_PAK,PAK
DTH,PAK_2020,PAK,0.349077954140743,0.290106689290483,0.839329170457217,46,12,3,1012,CV1_PAK,PAK
DTH,PAK_2021,PAK,0.339913123879196,0.284317733909869,0.833968009643556,47,12,3,1012,CV1_PAK,PAK
DTH,PAK_2019,PAK,0.539706103717153,0.468296646115079,0.931653693584231,48,12,4,1012,CV1_PAK,PAK
DTH,PAK_2020,PAK,0.370612366250406,0.411524801712352,0.846649859201003,54,12,4,1012,CV1_PAK,PAK
DTH,PAK_2021,PAK,0.285511832441816,0.274453383241588,0.858467810071777,50,12,4,1012,CV1_PAK,PAK
DTH,PAK_2019,PAK,0.231119685669808,0.188435885928589,0.845289002085617,41,12,5,1012,CV1_PAK,PAK
DTH,PAK_2020,PAK,0.45296861302494,0.448989198304797,0.855835072411163,43,12,5,1012,CV1_PAK,PAK
DTH,PAK_2021,PAK,0.352247444944495,0.325320445750395,0.810088669832435,47,12,5,1012,CV1_PAK,PAK
DTH,PAK_2019,PAK,0.234244005948564,0.205508935805907,0.814416873577189,43,13,1,1013,CV1_PAK,PAK
DTH,PAK_2020,PAK,0.220235711601891,0.247792537039617,0.62393265662685,47,13,1,1013,CV1_PAK,PAK
DTH,PAK_2021,PAK,0.282393124641404,0.193790819150854,0.815783143775591,45,13,1,1013,CV1_PAK,PAK
DTH,PAK_2019,PAK,0.484422555822564,0.533256125346101,0.821660908806063,39,13,2,1013,CV1_PAK,PAK
DTH,PAK_2020,PAK,0.545975790133446,0.4923536924168,0.922910310904332,52,13,2,1013,CV1_PAK,PAK
DTH,PAK_2021,PAK,0.487772534559185,0.543361308952413,0.939229811762028,49,13,2,1013,CV1_PAK,PAK
DTH,PAK_2019,PAK,0.139024961443999,0.0898859755125349,0.708308606767976,38,13,3,1013,CV1_PAK,PAK
DTH,PAK_2020,PAK,0.0146771215605615,0.0413209279256262,0.794631625692615,48,13,3,1013,CV1_PAK,PAK
DTH,PAK_2021,PAK,0.190727529013541,0.186583432548611,0.856961164338333,48,13,3,1013,CV1_PAK,PAK
DTH,PAK_2019,PAK,0.209383683912911,0.206650371630563,0.770051037428182,45,13,4,1013,CV1_PAK,PAK
DTH,PAK_2020,PAK,0.452441696344559,0.441808851249971,0.871143423380447,46,13,4,1013,CV1_PAK,PAK
DTH,PAK_2021,PAK,0.371934349557747,0.398344825845498,0.8678161441733,47,13,4,1013,CV1_PAK,PAK
DTH,PAK_2019,PAK,0.38585935776145,0.456946983806003,0.904882277778993,43,13,5,1013,CV1_PAK,PAK
DTH,PAK_2020,PAK,0.422788710879624,0.388733582771544,0.833092675242665,50,13,5,1013,CV1_PAK,PAK
DTH,PAK_2021,PAK,0.390472166905892,0.289655982986076,0.852469535504738,50,13,5,1013,CV1_PAK,PAK
DTH,PAK_2019,PAK,0.364063858153215,0.330608639978828,0.94631721705353,41,14,1,1014,CV1_PAK,PAK
DTH,PAK_2020,PAK,0.481242521904538,0.434737310029739,0.784286685850348,43,14,1,1014,CV1_PAK,PAK
DTH,PAK_2021,PAK,0.401062407807599,0.408641408404189,0.833709024315154,42,14,1,1014,CV1_PAK,PAK
DTH,PAK_2019,PAK,0.18819136945058,0.283438970521293,0.740095267139908,42,14,2,1014,CV1_PAK,PAK
DTH,PAK_2020,PAK,0.238879891535547,0.30797678052537,0.871946596411579,49,14,2,1014,CV1_PAK,PAK
DTH,PAK_2021,PAK,0.188174195093136,0.287150997338136,0.930713906007107,49,14,2,1014,CV1_PAK,PAK
DTH,PAK_2019,PAK,0.315126601055643,0.319281539554199,0.863879907577569,41,14,3,1014,CV1_PAK,PAK
DTH,PAK_2020,PAK,0.53935822390079,0.585524709769303,0.866865107617799,51,14,3,1014,CV1_PAK,PAK
DTH,PAK_2021,PAK,0.432085948809584,0.41613816271861,0.874638881079385,50,14,3,1014,CV1_PAK,PAK
DTH,PAK_2019,PAK,0.376367652239894,0.412184494100647,0.716527756821622,46,14,4,1014,CV1_PAK,PAK
DTH,PAK_2020,PAK,0.310032486097083,0.261547853009192,0.885433604066423,50,14,4,1014,CV1_PAK,PAK
DTH,PAK_2021,PAK,0.363027321780554,0.351026545462648,0.822341414714338,51,14,4,1014,CV1_PAK,PAK
DTH,PAK_2019,PAK,0.226036588217576,0.173777181151966,0.681104772906475,38,14,5,1014,CV1_PAK,PAK
DTH,PAK_2020,PAK,0.253442298503932,0.256979942411866,0.831120535731723,50,14,5,1014,CV1_PAK,PAK
DTH,PAK_2021,PAK,0.293658666097762,0.203719254499309,0.810891417961477,47,14,5,1014,CV1_PAK,PAK
DTH,PAK_2019,PAK,0.414687586705072,0.468160636164529,0.896541321784542,46,15,1,1015,CV1_PAK,PAK
DTH,PAK_2020,PAK,0.551266638168185,0.470344972386484,0.82287305173154,48,15,1,1015,CV1_PAK,PAK
DTH,PAK_2021,PAK,0.498531012495511,0.445968388905384,0.83588186090666,47,15,1,1015,CV1_PAK,PAK
DTH,PAK_2019,PAK,0.423176846494336,0.440415619084329,0.915356624669916,32,15,2,1015,CV1_PAK,PAK
DTH,PAK_2020,PAK,0.390274110874706,0.379089882757017,0.76234153376954,46,15,2,1015,CV1_PAK,PAK
DTH,PAK_2021,PAK,0.53807918921355,0.530371487568389,0.903827785809372,47,15,2,1015,CV1_PAK,PAK
DTH,PAK_2019,PAK,0.22025892095563,0.240978047732455,0.759653137702634,44,15,3,1015,CV1_PAK,PAK
DTH,PAK_2020,PAK,0.404828334013636,0.410530088423217,0.944260474739558,44,15,3,1015,CV1_PAK,PAK
DTH,PAK_2021,PAK,0.239931051019672,0.264437339568318,0.794804102748898,46,15,3,1015,CV1_PAK,PAK
DTH,PAK_2019,PAK,0.233177431610207,0.233543842904165,0.740479918680563,44,15,4,1015,CV1_PAK,PAK
DTH,PAK_2020,PAK,0.340684603545224,0.292039141614179,0.80319434099069,53,15,4,1015,CV1_PAK,PAK
DTH,PAK_2021,PAK,0.313350469514322,0.274585914530074,0.86363675909895,49,15,4,1015,CV1_PAK,PAK
DTH,PAK_2019,PAK,0.297347909434324,0.366056452716263,0.852011563244042,42,15,5,1015,CV1_PAK,PAK
DTH,PAK_2020,PAK,0.216035059461537,0.159601692068988,0.872262172087408,52,15,5,1015,CV1_PAK,PAK
DTH,PAK_2021,PAK,0.241758814756051,0.175574426760336,0.875289294044574,50,15,5,1015,CV1_PAK,PAK
PcleLng,AUS_2018,AUS,0.418330341493104,0.41360004992243,0.653849809922244,102,1,1,1001,CV1_AUS,AUS
PcleLng,AUS_2019,AUS,0.202043212053395,0.216929381890683,0.632211312515619,42,1,1,1001,CV1_AUS,AUS
PcleLng,AUS_2018,AUS,0.432162213457907,0.436827744083379,0.681612245969943,95,1,2,1001,CV1_AUS,AUS
PcleLng,AUS_2019,AUS,0.273651492280131,0.279440633215868,0.752329787378535,50,1,2,1001,CV1_AUS,AUS
PcleLng,AUS_2018,AUS,0.318180470499865,0.32971011269537,0.606299372122091,98,1,3,1001,CV1_AUS,AUS
PcleLng,AUS_2019,AUS,0.403637240979788,0.377979615417102,0.685858656348661,52,1,3,1001,CV1_AUS,AUS
PcleLng,AUS_2018,AUS,0.19732171090952,0.243242922231548,0.517539203300132,101,1,4,1001,CV1_AUS,AUS
PcleLng,AUS_2019,AUS,0.334225772210634,0.357363417071687,0.711098598912739,42,1,4,1001,CV1_AUS,AUS
PcleLng,AUS_2018,AUS,0.489218390010188,0.540838712728802,0.696558945611992,98,1,5,1001,CV1_AUS,AUS
PcleLng,AUS_2019,AUS,0.279135409832552,0.181372387372341,0.632915809487856,50,1,5,1001,CV1_AUS,AUS
PcleLng,AUS_2018,AUS,0.386604395664899,0.460416644628459,0.55063051193645,97,2,1,1002,CV1_AUS,AUS
PcleLng,AUS_2019,AUS,0.365552200830477,0.358302551886849,0.786688202639299,54,2,1,1002,CV1_AUS,AUS
PcleLng,AUS_2018,AUS,0.270359896994466,0.286105746018202,0.55101393189352,101,2,2,1002,CV1_AUS,AUS
PcleLng,AUS_2019,AUS,0.211941962835173,0.252851613945046,0.618695693317432,41,2,2,1002,CV1_AUS,AUS
PcleLng,AUS_2018,AUS,0.396470612885156,0.411404199351016,0.691750237813696,101,2,3,1002,CV1_AUS,AUS
PcleLng,AUS_2019,AUS,0.249023383424329,0.182131297286301,0.596922995458909,38,2,3,1002,CV1_AUS,AUS
PcleLng,AUS_2018,AUS,0.419203812078941,0.438346360569404,0.856166969963501,100,2,4,1002,CV1_AUS,AUS
PcleLng,AUS_2019,AUS,0.277445775140727,0.215600320330004,0.58986089052332,54,2,4,1002,CV1_AUS,AUS
PcleLng,AUS_2018,AUS,0.28533012106628,0.331217836779014,0.51613305622104,95,2,5,1002,CV1_AUS,AUS
PcleLng,AUS_2019,AUS,0.427884839805001,0.422479791963137,0.700028913455486,49,2,5,1002,CV1_AUS,AUS
PcleLng,AUS_2018,AUS,0.340176748327032,0.379096225040876,0.601785013393382,100,3,1,1003,CV1_AUS,AUS
PcleLng,AUS_2019,AUS,0.196530047869922,0.294583527411558,0.560494817701171,50,3,1,1003,CV1_AUS,AUS
PcleLng,AUS_2018,AUS,0.371134642125361,0.435111643102826,0.706131970826668,100,3,2,1003,CV1_AUS,AUS
PcleLng,AUS_2019,AUS,0.504255955964007,0.441909892887266,0.796728655612867,44,3,2,1003,CV1_AUS,AUS
PcleLng,AUS_2018,AUS,0.289970435803329,0.331494075732975,0.577991447695829,100,3,3,1003,CV1_AUS,AUS
PcleLng,AUS_2019,AUS,0.152582136052551,0.125014701540884,0.562464761352646,43,3,3,1003,CV1_AUS,AUS
PcleLng,AUS_2018,AUS,0.407203372379723,0.399466570765338,0.600670109849414,95,3,4,1003,CV1_AUS,AUS
PcleLng,AUS_2019,AUS,0.282667844299815,0.271344047693705,0.693986027389228,49,3,4,1003,CV1_AUS,AUS
PcleLng,AUS_2018,AUS,0.39054167229138,0.399869907088829,0.708845225692965,99,3,5,1003,CV1_AUS,AUS
PcleLng,AUS_2019,AUS,0.297413538149205,0.218151192893065,0.628884810053732,50,3,5,1003,CV1_AUS,AUS
PcleLng,AUS_2018,AUS,0.267056023569332,0.286283996658056,0.649138006639947,98,4,1,1004,CV1_AUS,AUS
PcleLng,AUS_2019,AUS,0.334251101356721,0.244118351646482,0.518096986084895,51,4,1,1004,CV1_AUS,AUS
PcleLng,AUS_2018,AUS,0.379022849930245,0.437639224891729,0.650124703600047,97,4,2,1004,CV1_AUS,AUS
PcleLng,AUS_2019,AUS,0.0201094084962405,0.0397732158405152,0.618778616529232,51,4,2,1004,CV1_AUS,AUS
PcleLng,AUS_2018,AUS,0.336352124104241,0.306816635992211,0.527927258347249,98,4,3,1004,CV1_AUS,AUS
PcleLng,AUS_2019,AUS,0.520274182688694,0.45702849594602,0.766037098226141,44,4,3,1004,CV1_AUS,AUS
PcleLng,AUS_2018,AUS,0.381774240309502,0.405762363881977,0.602323544738971,105,4,4,1004,CV1_AUS,AUS
PcleLng,AUS_2019,AUS,0.412664964494378,0.413780671568415,0.596716195979911,52,4,4,1004,CV1_AUS,AUS
PcleLng,AUS_2018,AUS,0.38565814124862,0.419774636101463,0.706356747688502,96,4,5,1004,CV1_AUS,AUS
PcleLng,AUS_2019,AUS,0.225200695803138,0.141287436014878,0.559964622936183,38,4,5,1004,CV1_AUS,AUS
PcleLng,AUS_2018,AUS,0.352132914185922,0.331754395712235,0.608387353841812,103,5,1,1005,CV1_AUS,AUS
PcleLng,AUS_2019,AUS,0.299402163160387,0.296942273235322,0.650583204300045,54,5,1,1005,CV1_AUS,AUS
PcleLng,AUS_2018,AUS,0.421067034068445,0.438785708373805,0.702457897390814,95,5,2,1005,CV1_AUS,AUS
PcleLng,AUS_2019,AUS,0.410855847174067,0.426879716066639,0.56201981965246,56,5,2,1005,CV1_AUS,AUS
PcleLng,AUS_2018,AUS,0.426797461299969,0.482295965832672,0.507454436485908,94,5,3,1005,CV1_AUS,AUS
PcleLng,AUS_2019,AUS,0.199728010775146,0.157342423037518,0.631330100518737,43,5,3,1005,CV1_AUS,AUS
PcleLng,AUS_2018,AUS,0.130611199089881,0.227487999357069,0.533713586060888,101,5,4,1005,CV1_AUS,AUS
PcleLng,AUS_2019,AUS,0.156122732216325,0.081316165330615,0.631474217767208,40,5,4,1005,CV1_AUS,AUS
PcleLng,AUS_2018,AUS,0.486567963009357,0.507027926644515,0.79876591120014,101,5,5,1005,CV1_AUS,AUS
PcleLng,AUS_2019,AUS,0.369137810300045,0.343463244176275,0.619442951740467,43,5,5,1005,CV1_AUS,AUS
PcleLng,AUS_2018,AUS,0.356671018993058,0.416297511061265,0.668665758595918,100,6,1,1006,CV1_AUS,AUS
PcleLng,AUS_2019,AUS,0.370005971153742,0.399026080616345,0.771707896964093,54,6,1,1006,CV1_AUS,AUS
PcleLng,AUS_2018,AUS,0.285267134785083,0.340726472306018,0.651281073130678,92,6,2,1006,CV1_AUS,AUS
PcleLng,AUS_2019,AUS,0.0701077385011422,0.0484548131544859,0.454909904043295,41,6,2,1006,CV1_AUS,AUS
PcleLng,AUS_2018,AUS,0.328148767590984,0.359486434605283,0.499877129270337,103,6,3,1006,CV1_AUS,AUS
PcleLng,AUS_2019,AUS,0.383961143587803,0.320441434955804,0.694638339472069,55,6,3,1006,CV1_AUS,AUS
PcleLng,AUS_2018,AUS,0.348154076624214,0.367089203344576,0.608119958756704,100,6,4,1006,CV1_AUS,AUS
PcleLng,AUS_2019,AUS,0.259849314248302,0.180697218885373,0.662462895685027,50,6,4,1006,CV1_AUS,AUS
PcleLng,AUS_2018,AUS,0.432729890038756,0.443679869060225,0.763298589207677,99,6,5,1006,CV1_AUS,AUS
PcleLng,AUS_2019,AUS,0.344125597200327,0.290089010951416,0.599446250267833,36,6,5,1006,CV1_AUS,AUS
PcleLng,AUS_2018,AUS,0.263558595756297,0.283984617315894,0.674423156382068,96,7,1,1007,CV1_AUS,AUS
PcleLng,AUS_2019,AUS,0.244434914290702,0.325263053662371,0.698560740615964,40,7,1,1007,CV1_AUS,AUS
PcleLng,AUS_2018,AUS,0.406182318299932,0.409979603555735,0.582474991102797,102,7,2,1007,CV1_AUS,AUS
PcleLng,AUS_2019,AUS,0.333994520190179,0.262958810766828,0.558048641009465,42,7,2,1007,CV1_AUS,AUS
PcleLng,AUS_2018,AUS,0.547745296775392,0.545207393210905,0.771539554198608,102,7,3,1007,CV1_AUS,AUS
PcleLng,AUS_2019,AUS,0.440299988741433,0.318452307466621,0.736614313851095,53,7,3,1007,CV1_AUS,AUS
PcleLng,AUS_2018,AUS,0.277711503603916,0.350814100815686,0.553071140212443,96,7,4,1007,CV1_AUS,AUS
PcleLng,AUS_2019,AUS,0.371710924112909,0.311204102023955,0.607604328989357,56,7,4,1007,CV1_AUS,AUS
PcleLng,AUS_2018,AUS,0.288705287100433,0.294202741859846,0.590802078277123,98,7,5,1007,CV1_AUS,AUS
PcleLng,AUS_2019,AUS,0.0964900508054048,0.102198697683617,0.560241602444234,45,7,5,1007,CV1_AUS,AUS
PcleLng,AUS_2018,AUS,0.501351389474515,0.542682112345395,0.702736480051189,100,8,1,1008,CV1_AUS,AUS
PcleLng,AUS_2019,AUS,0.207855499363027,0.211422550098743,0.599158759222293,50,8,1,1008,CV1_AUS,AUS
PcleLng,AUS_2018,AUS,0.303202467506113,0.358416254722312,0.622237594637548,93,8,2,1008,CV1_AUS,AUS
PcleLng,AUS_2019,AUS,0.493779755177626,0.502973441573192,0.634079282449453,44,8,2,1008,CV1_AUS,AUS
PcleLng,AUS_2018,AUS,0.317501179874924,0.315253747342509,0.624128563933045,103,8,3,1008,CV1_AUS,AUS
PcleLng,AUS_2019,AUS,0.331198060396026,0.340167616675246,0.780973113176942,44,8,3,1008,CV1_AUS,AUS
PcleLng,AUS_2018,AUS,0.433607720430366,0.465589590371776,0.54180324716291,97,8,4,1008,CV1_AUS,AUS
PcleLng,AUS_2019,AUS,0.304306547830412,0.240388817775513,0.487926319874174,57,8,4,1008,CV1_AUS,AUS
PcleLng,AUS_2018,AUS,0.228203530339519,0.223684993446697,0.554756987551585,101,8,5,1008,CV1_AUS,AUS
PcleLng,AUS_2019,AUS,0.0410531736247463,-0.0023707842583564,0.577949631645754,41,8,5,1008,CV1_AUS,AUS
PcleLng,AUS_2018,AUS,0.240678206913745,0.267377581319927,0.532822161584396,97,9,1,1009,CV1_AUS,AUS
PcleLng,AUS_2019,AUS,0.278694017668191,0.32226874240759,0.474019744074355,49,9,1,1009,CV1_AUS,AUS
PcleLng,AUS_2018,AUS,0.332290296638516,0.337188410310969,0.591025323269258,104,9,2,1009,CV1_AUS,AUS
PcleLng,AUS_2019,AUS,0.125116846207203,-0.034965817198082,0.622329108461045,43,9,2,1009,CV1_AUS,AUS
PcleLng,AUS_2018,AUS,0.332473564483346,0.34184360419293,0.630687036237408,96,9,3,1009,CV1_AUS,AUS
PcleLng,AUS_2019,AUS,0.259432922712665,0.237323408247642,0.640553020047302,50,9,3,1009,CV1_AUS,AUS
PcleLng,AUS_2018,AUS,0.371081772966343,0.40030450248535,0.686236573103387,100,9,4,1009,CV1_AUS,AUS
PcleLng,AUS_2019,AUS,0.403852670665665,0.40895690908559,0.763996701805607,46,9,4,1009,CV1_AUS,AUS
PcleLng,AUS_2018,AUS,0.482971520753041,0.578675544575346,0.719799760150426,97,9,5,1009,CV1_AUS,AUS
PcleLng,AUS_2019,AUS,0.370562340523415,0.357381593899734,0.734935218353314,48,9,5,1009,CV1_AUS,AUS
PcleLng,AUS_2018,AUS,0.281530753456255,0.304313511559537,0.695300510704618,101,10,1,1010,CV1_AUS,AUS
PcleLng,AUS_2019,AUS,0.281165411470612,0.223942964555974,0.659450842926592,42,10,1,1010,CV1_AUS,AUS
PcleLng,AUS_2018,AUS,0.409311576341254,0.418482053137651,0.707204884283133,99,10,2,1010,CV1_AUS,AUS
PcleLng,AUS_2019,AUS,0.153427850236701,0.134264062013887,0.652148801510423,45,10,2,1010,CV1_AUS,AUS
PcleLng,AUS_2018,AUS,0.296264072998848,0.327267885552009,0.619853235183079,104,10,3,1010,CV1_AUS,AUS
PcleLng,AUS_2019,AUS,0.256618194998931,0.23993031694824,0.723914633618657,46,10,3,1010,CV1_AUS,AUS
PcleLng,AUS_2018,AUS,0.348888664577271,0.355803570790831,0.646083715242585,95,10,4,1010,CV1_AUS,AUS
PcleLng,AUS_2019,AUS,0.286873898020394,0.264027536263759,0.672574482013428,49,10,4,1010,CV1_AUS,AUS
PcleLng,AUS_2018,AUS,0.459283088713471,0.486128447450887,0.652037031885008,95,10,5,1010,CV1_AUS,AUS
PcleLng,AUS_2019,AUS,0.464212807064544,0.48045192783372,0.654472043694168,54,10,5,1010,CV1_AUS,AUS
PcleLng,AUS_2018,AUS,0.348910887294655,0.372539751297149,0.593853781416758,95,11,1,1011,CV1_AUS,AUS
PcleLng,AUS_2019,AUS,0.331803379442692,0.314160587350515,0.5502824954147,58,11,1,1011,CV1_AUS,AUS
PcleLng,AUS_2018,AUS,0.352233923707095,0.378606699930501,0.786827783087973,106,11,2,1011,CV1_AUS,AUS
PcleLng,AUS_2019,AUS,0.0256029080802596,0.0042661532948356,0.614594945082022,51,11,2,1011,CV1_AUS,AUS
PcleLng,AUS_2018,AUS,0.326533922377609,0.337375182668704,0.599905106144328,99,11,3,1011,CV1_AUS,AUS
PcleLng,AUS_2019,AUS,0.523997590914453,0.487258608689543,0.737486824066622,43,11,3,1011,CV1_AUS,AUS
PcleLng,AUS_2018,AUS,0.36722192878712,0.386927077579961,0.576372849910382,94,11,4,1011,CV1_AUS,AUS
PcleLng,AUS_2019,AUS,0.379053021449946,0.393599818663703,0.708286502900247,44,11,4,1011,CV1_AUS,AUS
PcleLng,AUS_2018,AUS,0.375147100578332,0.41067914758702,0.549887830243678,100,11,5,1011,CV1_AUS,AUS
PcleLng,AUS_2019,AUS,0.224491733052119,0.181152658450035,0.567749582984649,40,11,5,1011,CV1_AUS,AUS
PcleLng,AUS_2018,AUS,0.354038961075943,0.368194149609799,0.615894698855578,101,12,1,1012,CV1_AUS,AUS
PcleLng,AUS_2019,AUS,0.431687433222338,0.394674725799917,0.820272486456362,45,12,1,1012,CV1_AUS,AUS
PcleLng,AUS_2018,AUS,0.227507187838839,0.306321019343155,0.576035294085049,96,12,2,1012,CV1_AUS,AUS
PcleLng,AUS_2019,AUS,0.218218373970309,0.160031946394793,0.59229147525276,52,12,2,1012,CV1_AUS,AUS
PcleLng,AUS_2018,AUS,0.307085622533986,0.319979564012289,0.693041280457235,96,12,3,1012,CV1_AUS,AUS
PcleLng,AUS_2019,AUS,0.334264601804416,0.400459261083189,0.537919553926962,47,12,3,1012,CV1_AUS,AUS
PcleLng,AUS_2018,AUS,0.496909902035173,0.497846787747259,0.554831312272371,99,12,4,1012,CV1_AUS,AUS
PcleLng,AUS_2019,AUS,0.234670713281418,0.280261788532807,0.692901829943307,47,12,4,1012,CV1_AUS,AUS
PcleLng,AUS_2018,AUS,0.359265011557518,0.410446854536912,0.596138439589444,102,12,5,1012,CV1_AUS,AUS
PcleLng,AUS_2019,AUS,0.279998968324227,0.22641337248634,0.638240273802866,45,12,5,1012,CV1_AUS,AUS
PcleLng,AUS_2018,AUS,0.475856309249479,0.469025543359656,0.662911943700425,98,13,1,1013,CV1_AUS,AUS
PcleLng,AUS_2019,AUS,0.3332719404722,0.384702575769268,0.636800132735096,49,13,1,1013,CV1_AUS,AUS
PcleLng,AUS_2018,AUS,0.292851916361695,0.30705456893917,0.51943368548658,101,13,2,1013,CV1_AUS,AUS
PcleLng,AUS_2019,AUS,0.368674829566628,0.381046673226109,0.663446129520688,41,13,2,1013,CV1_AUS,AUS
PcleLng,AUS_2018,AUS,0.296509184991105,0.336841095803482,0.570275928603692,98,13,3,1013,CV1_AUS,AUS
PcleLng,AUS_2019,AUS,0.214759426639081,0.171127698687494,0.651283105144032,50,13,3,1013,CV1_AUS,AUS
PcleLng,AUS_2018,AUS,0.320242752917785,0.347846290651705,0.535383925385995,100,13,4,1013,CV1_AUS,AUS
PcleLng,AUS_2019,AUS,0.304941231815641,0.245835141946468,0.608214045579365,52,13,4,1013,CV1_AUS,AUS
PcleLng,AUS_2018,AUS,0.350948175443447,0.446691848737857,0.730268613148918,97,13,5,1013,CV1_AUS,AUS
PcleLng,AUS_2019,AUS,0.239467714751418,0.180693601537379,0.640868576035205,44,13,5,1013,CV1_AUS,AUS
PcleLng,AUS_2018,AUS,0.568898518956753,0.602378224868782,0.639650440470352,100,14,1,1014,CV1_AUS,AUS
PcleLng,AUS_2019,AUS,0.274497223797734,0.184430806239532,0.619501080771661,48,14,1,1014,CV1_AUS,AUS
PcleLng,AUS_2018,AUS,0.27584340453162,0.265412388871716,0.587857482720958,102,14,2,1014,CV1_AUS,AUS
PcleLng,AUS_2019,AUS,0.0454884371215949,0.0014176087965621,0.622984272320863,44,14,2,1014,CV1_AUS,AUS
PcleLng,AUS_2018,AUS,0.193596856709657,0.295283427157602,0.688803300299566,97,14,3,1014,CV1_AUS,AUS
PcleLng,AUS_2019,AUS,0.390128035167483,0.366897643400139,0.67028496153587,42,14,3,1014,CV1_AUS,AUS
PcleLng,AUS_2018,AUS,0.281933474588507,0.319596981404333,0.597243245227292,97,14,4,1014,CV1_AUS,AUS
PcleLng,AUS_2019,AUS,0.458660393854468,0.447815823182287,0.599521259727218,50,14,4,1014,CV1_AUS,AUS
PcleLng,AUS_2018,AUS,0.395693407669087,0.405097231349193,0.587797900591379,98,14,5,1014,CV1_AUS,AUS
PcleLng,AUS_2019,AUS,0.324038919131781,0.393208970250635,0.668250723738601,52,14,5,1014,CV1_AUS,AUS
PcleLng,AUS_2018,AUS,0.239887998417566,0.271737561437905,0.472964011840312,100,15,1,1015,CV1_AUS,AUS
PcleLng,AUS_2019,AUS,0.0742005178192127,0.0688849866133674,0.500830635955053,40,15,1,1015,CV1_AUS,AUS
PcleLng,AUS_2018,AUS,0.396812642692633,0.430282669081169,0.62587856912173,97,15,2,1015,CV1_AUS,AUS
PcleLng,AUS_2019,AUS,0.448745579379757,0.411322690365453,0.712913650907036,52,15,2,1015,CV1_AUS,AUS
PcleLng,AUS_2018,AUS,0.381155613690656,0.360628350252078,0.662665218964476,99,15,3,1015,CV1_AUS,AUS
PcleLng,AUS_2019,AUS,0.365253792860501,0.334679729828164,0.766245959657399,46,15,3,1015,CV1_AUS,AUS
PcleLng,AUS_2018,AUS,0.336055856421603,0.384500863244266,0.757353041839789,100,15,4,1015,CV1_AUS,AUS
PcleLng,AUS_2019,AUS,0.117813068449283,0.106717494597762,0.515626417197927,48,15,4,1015,CV1_AUS,AUS
PcleLng,AUS_2018,AUS,0.457987665101767,0.530430370735682,0.712709893929248,98,15,5,1015,CV1_AUS,AUS
PcleLng,AUS_2019,AUS,0.432997544592236,0.396309170107166,0.772847375732887,50,15,5,1015,CV1_AUS,AUS
PcleLng,PAK_2019,PAK,-0.0127626035814819,-0.0304300222967657,0.699616704621968,43,1,1,1001,CV1_PAK,PAK
PcleLng,PAK_2020,PAK,0.121371760553472,0.065988724467806,0.585416955506095,58,1,1,1001,CV1_PAK,PAK
PcleLng,PAK_2021,PAK,0.195699642298579,0.119299246623826,0.618673175930272,48,1,1,1001,CV1_PAK,PAK
PcleLng,PAK_2019,PAK,0.0575237768910493,0.0702659600191362,0.691718013979632,40,1,2,1001,CV1_PAK,PAK
PcleLng,PAK_2020,PAK,0.178487572465061,0.263357519409693,0.709917181596492,57,1,2,1001,CV1_PAK,PAK
PcleLng,PAK_2021,PAK,0.123082518971147,0.109798084179848,0.586136291374864,51,1,2,1001,CV1_PAK,PAK
PcleLng,PAK_2019,PAK,-0.051297689797502,-0.0880105401844532,0.425251255255026,45,1,3,1001,CV1_PAK,PAK
PcleLng,PAK_2020,PAK,-0.114980800106016,-0.100275884165068,0.546659263655041,56,1,3,1001,CV1_PAK,PAK
PcleLng,PAK_2021,PAK,0.181206274699504,0.237104747002376,0.630536359522815,49,1,3,1001,CV1_PAK,PAK
PcleLng,PAK_2019,PAK,-0.0678114008296402,-0.122004595688806,0.414511878551357,38,1,4,1001,CV1_PAK,PAK
PcleLng,PAK_2020,PAK,-0.0276388186857411,-0.0764860604988509,0.525661706971296,59,1,4,1001,CV1_PAK,PAK
PcleLng,PAK_2021,PAK,0.250268935665129,0.262560491285658,0.678323282452944,48,1,4,1001,CV1_PAK,PAK
PcleLng,PAK_2019,PAK,-0.111214324438671,-0.121162130469461,0.454928341578471,32,1,5,1001,CV1_PAK,PAK
PcleLng,PAK_2020,PAK,0.335198136728185,0.31091127648973,0.766455959453186,54,1,5,1001,CV1_PAK,PAK
PcleLng,PAK_2021,PAK,-0.153602762371291,-0.10850023138629,0.404486872791332,48,1,5,1001,CV1_PAK,PAK
PcleLng,PAK_2019,PAK,-0.11874192204284,-0.0653338560661544,0.536166023022432,41,2,1,1002,CV1_PAK,PAK
PcleLng,PAK_2020,PAK,0.0474071214371944,0.0426188270536937,0.687160483997721,58,2,1,1002,CV1_PAK,PAK
PcleLng,PAK_2021,PAK,-0.128033801183138,-0.168984668280207,0.550440716221112,52,2,1,1002,CV1_PAK,PAK
PcleLng,PAK_2019,PAK,0.285351489559348,0.176686217008798,0.684986643845713,32,2,2,1002,CV1_PAK,PAK
PcleLng,PAK_2020,PAK,0.171805140057493,0.0808886147792358,0.623507706411955,60,2,2,1002,CV1_PAK,PAK
PcleLng,PAK_2021,PAK,0.0370272057447751,0.014037776203621,0.537568881247567,49,2,2,1002,CV1_PAK,PAK
PcleLng,PAK_2019,PAK,0.159450147666583,0.155080213903743,0.80781332816714,34,2,3,1002,CV1_PAK,PAK
PcleLng,PAK_2020,PAK,0.0935459750837433,0.160002557522813,0.588440478674578,54,2,3,1002,CV1_PAK,PAK
PcleLng,PAK_2021,PAK,0.0815757885248704,0.102767019488606,0.567123940790767,49,2,3,1002,CV1_PAK,PAK
PcleLng,PAK_2019,PAK,-0.024336341642548,-0.0869565217391304,0.455201118477197,45,2,4,1002,CV1_PAK,PAK
PcleLng,PAK_2020,PAK,0.122726541421469,0.161140856200092,0.657165052697454,57,2,4,1002,CV1_PAK,PAK
PcleLng,PAK_2021,PAK,0.232881770334115,0.194000442781971,0.487938690701632,46,2,4,1002,CV1_PAK,PAK
PcleLng,PAK_2019,PAK,-0.208586944866462,-0.160900400863398,0.4539211434733,46,2,5,1002,CV1_PAK,PAK
PcleLng,PAK_2020,PAK,0.134945630589225,0.218320132156684,0.513683456014748,55,2,5,1002,CV1_PAK,PAK
PcleLng,PAK_2021,PAK,0.197054847860994,0.243907876859215,0.70820055902296,48,2,5,1002,CV1_PAK,PAK
PcleLng,PAK_2019,PAK,-0.25845219403634,-0.372996515679443,0.591633726133103,41,3,1,1003,CV1_PAK,PAK
PcleLng,PAK_2020,PAK,0.11127907771703,0.087827942985583,0.582096013904204,58,3,1,1003,CV1_PAK,PAK
PcleLng,PAK_2021,PAK,0.312636322315425,0.344562527451502,0.757471468846284,52,3,1,1003,CV1_PAK,PAK
PcleLng,PAK_2019,PAK,-0.0371854505874873,-0.0144473025918652,0.42713481615985,44,3,2,1003,CV1_PAK,PAK
PcleLng,PAK_2020,PAK,0.27694088823504,0.22428159361669,0.663912443682478,56,3,2,1003,CV1_PAK,PAK
PcleLng,PAK_2021,PAK,0.290982134481041,0.360651774040127,0.56499179366386,46,3,2,1003,CV1_PAK,PAK
PcleLng,PAK_2019,PAK,-0.0362004710838629,-0.0947368421052632,0.495722346934761,39,3,3,1003,CV1_PAK,PAK
PcleLng,PAK_2020,PAK,0.171089835154607,0.208402695021884,0.588609974050132,58,3,3,1003,CV1_PAK,PAK
PcleLng,PAK_2021,PAK,-0.0999845162613267,-0.057816316223436,0.386499179679161,46,3,3,1003,CV1_PAK,PAK
PcleLng,PAK_2019,PAK,0.0995790218918036,0.0755141960902133,0.800008434823834,37,3,4,1003,CV1_PAK,PAK
PcleLng,PAK_2020,PAK,0.0679549017920812,0.0823720566737627,0.637969555591979,57,3,4,1003,CV1_PAK,PAK
PcleLng,PAK_2021,PAK,0.0623624870456605,-0.0044922031006965,0.585117053069789,49,3,4,1003,CV1_PAK,PAK
PcleLng,PAK_2019,PAK,0.0080553378429391,-0.132653666287204,0.461379668818049,37,3,5,1003,CV1_PAK,PAK
PcleLng,PAK_2020,PAK,0.0790583815316299,0.0521024074811889,0.73518072961314,55,3,5,1003,CV1_PAK,PAK
PcleLng,PAK_2021,PAK,0.225654881291959,0.276886200008939,0.636174210541851,51,3,5,1003,CV1_PAK,PAK
PcleLng,PAK_2019,PAK,0.255825725558674,0.101974764406944,0.654976543174196,40,4,1,1004,CV1_PAK,PAK
PcleLng,PAK_2020,PAK,-0.108596513169839,-0.0108209805415447,0.681262396876478,56,4,1,1004,CV1_PAK,PAK
PcleLng,PAK_2021,PAK,0.0384573903616658,0.118662158530669,0.659336769976743,51,4,1,1004,CV1_PAK,PAK
PcleLng,PAK_2019,PAK,-0.124711602439077,-0.112117780719889,0.540894749523598,41,4,2,1004,CV1_PAK,PAK
PcleLng,PAK_2020,PAK,0.0110824403309899,-0.0692911150160989,0.655500661632014,58,4,2,1004,CV1_PAK,PAK
PcleLng,PAK_2021,PAK,0.0938125424687889,0.0035755354988882,0.543209740714959,49,4,2,1004,CV1_PAK,PAK
PcleLng,PAK_2019,PAK,-0.0124343519714078,0.125287230550388,0.633451406637801,38,4,3,1004,CV1_PAK,PAK
PcleLng,PAK_2020,PAK,0.24967417728768,0.168544721904474,0.553357302198106,57,4,3,1004,CV1_PAK,PAK
PcleLng,PAK_2021,PAK,0.220915228945349,0.304273725595455,0.6038642283502,47,4,3,1004,CV1_PAK,PAK
PcleLng,PAK_2019,PAK,0.0860133884684472,0.0186875540012507,0.720532532029231,46,4,4,1004,CV1_PAK,PAK
PcleLng,PAK_2020,PAK,0.15345880855895,0.207782467807633,0.540570018565414,55,4,4,1004,CV1_PAK,PAK
PcleLng,PAK_2021,PAK,0.249211997738832,0.321766766474153,0.626105232592322,47,4,4,1004,CV1_PAK,PAK
PcleLng,PAK_2019,PAK,0.111795830110646,0.0376034095070719,0.567683581379476,33,4,5,1004,CV1_PAK,PAK
PcleLng,PAK_2020,PAK,0.14619140083701,0.201767585914702,0.572952488787345,58,4,5,1004,CV1_PAK,PAK
PcleLng,PAK_2021,PAK,0.0250619173020999,0.0195201844905223,0.433310948447124,50,4,5,1004,CV1_PAK,PAK
PcleLng,PAK_2019,PAK,0.119829228608674,0.0932739063030253,0.575426674356965,42,5,1,1005,CV1_PAK,PAK
PcleLng,PAK_2020,PAK,0.5033211726064,0.492567636432182,0.765428532360033,57,5,1,1005,CV1_PAK,PAK
PcleLng,PAK_2021,PAK,0.0713950476842027,0.0741592377675042,0.491742646343367,49,5,1,1005,CV1_PAK,PAK
PcleLng,PAK_2019,PAK,-0.0034410932074377,-0.0016732093476954,0.526521256403113,36,5,2,1005,CV1_PAK,PAK
PcleLng,PAK_2020,PAK,0.143837670914543,0.167992684153147,0.496802883124133,56,5,2,1005,CV1_PAK,PAK
PcleLng,PAK_2021,PAK,0.0787307664960941,0.139505464105418,0.526369533512984,44,5,2,1005,CV1_PAK,PAK
PcleLng,PAK_2019,PAK,0.104353048404782,0.101871101871102,0.701263532104202,38,5,3,1005,CV1_PAK,PAK
PcleLng,PAK_2020,PAK,-0.0808461354711146,-0.115233715386499,0.543403799124967,55,5,3,1005,CV1_PAK,PAK
PcleLng,PAK_2021,PAK,0.340056739059704,0.275394817245131,0.743244396395149,50,5,3,1005,CV1_PAK,PAK
PcleLng,PAK_2019,PAK,0.308344105920006,0.17212543554007,0.612187741890626,41,5,4,1005,CV1_PAK,PAK
PcleLng,PAK_2020,PAK,-0.0058273163040895,0.0276871157523048,0.588491690377457,58,5,4,1005,CV1_PAK,PAK
PcleLng,PAK_2021,PAK,0.112671663215949,0.0879512031899956,0.654774592855675,50,5,4,1005,CV1_PAK,PAK
PcleLng,PAK_2019,PAK,-0.192096138514832,-0.184843205574913,0.361065771384835,41,5,5,1005,CV1_PAK,PAK
PcleLng,PAK_2020,PAK,0.282706135775047,0.26030724974969,0.712368846287638,58,5,5,1005,CV1_PAK,PAK
PcleLng,PAK_2021,PAK,0.336243943272224,0.358419391207533,0.602398760427865,51,5,5,1005,CV1_PAK,PAK
PcleLng,PAK_2019,PAK,-0.0823863600986196,-0.112389595656754,0.538936100753675,42,6,1,1006,CV1_PAK,PAK
PcleLng,PAK_2020,PAK,-0.123341425318641,-0.0490707664746597,0.503282690667525,57,6,1,1006,CV1_PAK,PAK
PcleLng,PAK_2021,PAK,-0.0680733991570276,-0.105071625463756,0.571490030709714,48,6,1,1006,CV1_PAK,PAK
PcleLng,PAK_2019,PAK,-0.110004511559976,-0.132597803702383,0.566251847399013,39,6,2,1006,CV1_PAK,PAK
PcleLng,PAK_2020,PAK,0.196171545297955,0.161378918891787,0.71887209407432,56,6,2,1006,CV1_PAK,PAK
PcleLng,PAK_2021,PAK,0.227730823528896,0.206415230109828,0.649013586953215,48,6,2,1006,CV1_PAK,PAK
PcleLng,PAK_2019,PAK,-0.0464299004676113,-0.0848178137651822,0.782936197677032,39,6,3,1006,CV1_PAK,PAK
PcleLng,PAK_2020,PAK,0.255734552472123,0.276872523669666,0.739567969416477,57,6,3,1006,CV1_PAK,PAK
PcleLng,PAK_2021,PAK,0.0314663973733761,0.0570435403817861,0.627618912338807,48,6,3,1006,CV1_PAK,PAK
PcleLng,PAK_2019,PAK,-0.0890930448076772,-0.143031358885017,0.472181017620797,41,6,4,1006,CV1_PAK,PAK
PcleLng,PAK_2020,PAK,0.173056703890543,0.188954577373895,0.661248648154329,56,6,4,1006,CV1_PAK,PAK
PcleLng,PAK_2021,PAK,0.0771016054239047,0.119165571612077,0.5851371399805,50,6,4,1006,CV1_PAK,PAK
PcleLng,PAK_2019,PAK,-0.153213002551142,-0.0630630630630631,0.561265561786168,37,6,5,1006,CV1_PAK,PAK
PcleLng,PAK_2020,PAK,0.14271214536089,0.0700955542220366,0.587895119124733,58,6,5,1006,CV1_PAK,PAK
PcleLng,PAK_2021,PAK,-0.0382015739905454,-0.12368164435774,0.595205963775208,50,6,5,1006,CV1_PAK,PAK
PcleLng,PAK_2019,PAK,-0.1051166037399,-0.121848739495798,0.590563944565918,35,7,1,1007,CV1_PAK,PAK
PcleLng,PAK_2020,PAK,0.346711585808537,0.365720190886534,0.838692045021417,54,7,1,1007,CV1_PAK,PAK
PcleLng,PAK_2021,PAK,0.047833559772133,-0.0043444030870251,0.518543519266972,48,7,1,1007,CV1_PAK,PAK
PcleLng,PAK_2019,PAK,0.0473698168645312,0.072938689217759,0.535691055813056,43,7,2,1007,CV1_PAK,PAK
PcleLng,PAK_2020,PAK,-0.154257229050239,-0.192521311088335,0.486607452117461,57,7,2,1007,CV1_PAK,PAK
PcleLng,PAK_2021,PAK,0.261840793045098,0.37389352705199,0.669671692251753,47,7,2,1007,CV1_PAK,PAK
PcleLng,PAK_2019,PAK,0.0835357200626967,0.0822299651567944,0.660012615351976,41,7,3,1007,CV1_PAK,PAK
PcleLng,PAK_2020,PAK,0.176446089381502,0.215518818363608,0.677419739013226,56,7,3,1007,CV1_PAK,PAK
PcleLng,PAK_2021,PAK,-0.0450249948755052,-0.0531556549950286,0.576381266880406,49,7,3,1007,CV1_PAK,PAK
PcleLng,PAK_2019,PAK,-0.0281901832626703,0.0155878334123412,0.584393134253394,39,7,4,1007,CV1_PAK,PAK
PcleLng,PAK_2020,PAK,0.303295403133578,0.338413146672909,0.601360392934897,60,7,4,1007,CV1_PAK,PAK
PcleLng,PAK_2021,PAK,0.308881682502627,0.244856408871522,0.719871287385002,51,7,4,1007,CV1_PAK,PAK
PcleLng,PAK_2019,PAK,-0.20341831262826,-0.195881608170836,0.453842064445895,40,7,5,1007,CV1_PAK,PAK
PcleLng,PAK_2020,PAK,0.0013008637249565,-0.0390273079809627,0.54449650899288,57,7,5,1007,CV1_PAK,PAK
PcleLng,PAK_2021,PAK,-0.135784067088917,-0.13347304506931,0.293110478445495,49,7,5,1007,CV1_PAK,PAK
PcleLng,PAK_2019,PAK,-0.364302686177745,-0.387460334828756,0.390550958307989,38,8,1,1008,CV1_PAK,PAK
PcleLng,PAK_2020,PAK,0.0885313347396772,0.034701582601966,0.655575398215282,55,8,1,1008,CV1_PAK,PAK
PcleLng,PAK_2021,PAK,0.177310750418134,0.132735545818031,0.745117627947264,45,8,1,1008,CV1_PAK,PAK
PcleLng,PAK_2019,PAK,0.0610464097611782,-0.0625490027636987,0.483766134536829,41,8,2,1008,CV1_PAK,PAK
PcleLng,PAK_2020,PAK,-0.12113555663957,-0.06537000974402,0.596636621652432,57,8,2,1008,CV1_PAK,PAK
PcleLng,PAK_2021,PAK,0.147531018245114,0.0587056467373668,0.665199809503064,55,8,2,1008,CV1_PAK,PAK
PcleLng,PAK_2019,PAK,-0.207023089988171,-0.261099365750529,0.662714302089346,43,8,3,1008,CV1_PAK,PAK
PcleLng,PAK_2020,PAK,0.183924548512915,0.194427413249955,0.577327353126904,56,8,3,1008,CV1_PAK,PAK
PcleLng,PAK_2021,PAK,0.0367342764384671,0.0650514641172734,0.608142190203086,49,8,3,1008,CV1_PAK,PAK
PcleLng,PAK_2019,PAK,-0.234200333826446,-0.160512121673703,0.478426931325218,37,8,4,1008,CV1_PAK,PAK
PcleLng,PAK_2020,PAK,0.0107251348091026,-0.113767837509381,0.591723519742049,58,8,4,1008,CV1_PAK,PAK
PcleLng,PAK_2021,PAK,0.111966728645976,0.133729302965849,0.410580672152417,52,8,4,1008,CV1_PAK,PAK
PcleLng,PAK_2019,PAK,0.140815358334903,0.162955465587045,0.623952251525454,39,8,5,1008,CV1_PAK,PAK
PcleLng,PAK_2020,PAK,0.28353170491074,0.245329024509471,0.730262258327833,58,8,5,1008,CV1_PAK,PAK
PcleLng,PAK_2021,PAK,0.159142379644331,0.184510809566731,0.487912847637077,43,8,5,1008,CV1_PAK,PAK
PcleLng,PAK_2019,PAK,0.0811750746322299,0.0892814822352147,0.692593747735228,37,9,1,1009,CV1_PAK,PAK
PcleLng,PAK_2020,PAK,0.321590293525021,0.301274657141173,0.799115458645056,58,9,1,1009,CV1_PAK,PAK
PcleLng,PAK_2021,PAK,-0.12854104093801,-0.166113991678271,0.519291150474228,50,9,1,1009,CV1_PAK,PAK
PcleLng,PAK_2019,PAK,0.125318351673592,0.141736694677871,0.565559797064829,35,9,2,1009,CV1_PAK,PAK
PcleLng,PAK_2020,PAK,-0.142856797306411,-0.145122104898933,0.442686703999341,59,9,2,1009,CV1_PAK,PAK
PcleLng,PAK_2021,PAK,0.10328278553052,0.0377748548811189,0.606653208567402,48,9,2,1009,CV1_PAK,PAK
PcleLng,PAK_2019,PAK,-0.162512367513425,-0.298335032492609,0.423396689120146,43,9,3,1009,CV1_PAK,PAK
PcleLng,PAK_2020,PAK,0.160335195643162,0.107617938407827,0.542060965371769,54,9,3,1009,CV1_PAK,PAK
PcleLng,PAK_2021,PAK,0.117003940063112,0.180258856395375,0.477136488126138,49,9,3,1009,CV1_PAK,PAK
PcleLng,PAK_2019,PAK,0.0685287254763687,0.0620553359683794,0.643573617277536,45,9,4,1009,CV1_PAK,PAK
PcleLng,PAK_2020,PAK,0.122871179789723,0.162438628586594,0.715757344392975,56,9,4,1009,CV1_PAK,PAK
PcleLng,PAK_2021,PAK,0.383101589498164,0.346810820227396,0.764039799025376,48,9,4,1009,CV1_PAK,PAK
PcleLng,PAK_2019,PAK,0.0155999552881183,-0.0366560892876682,0.637665543230831,38,9,5,1009,CV1_PAK,PAK
PcleLng,PAK_2020,PAK,0.289021310581044,0.325511239920243,0.6550775412123,57,9,5,1009,CV1_PAK,PAK
PcleLng,PAK_2021,PAK,0.230640277291182,0.25943727359626,0.54701529643228,49,9,5,1009,CV1_PAK,PAK
PcleLng,PAK_2019,PAK,0.0698069064838275,0.0339518677578802,0.626007565305636,42,10,1,1010,CV1_PAK,PAK
PcleLng,PAK_2020,PAK,0.198922567073282,0.168019438344709,0.573164313910817,57,10,1,1010,CV1_PAK,PAK
PcleLng,PAK_2021,PAK,0.242375458307107,0.314489183673207,0.415656374743063,50,10,1,1010,CV1_PAK,PAK
PcleLng,PAK_2019,PAK,-0.128109822562014,-0.0674985819625638,0.377772640309072,42,10,2,1010,CV1_PAK,PAK
PcleLng,PAK_2020,PAK,-0.0558102684289875,-0.0629311141063302,0.664957183870793,57,10,2,1010,CV1_PAK,PAK
PcleLng,PAK_2021,PAK,0.0124405226767178,0.0630009839072693,0.506117657654047,49,10,2,1010,CV1_PAK,PAK
PcleLng,PAK_2019,PAK,0.0517439667587802,0.0281871420880997,0.636561741328945,36,10,3,1010,CV1_PAK,PAK
PcleLng,PAK_2020,PAK,0.224782313044401,0.251131608127999,0.723722391158389,56,10,3,1010,CV1_PAK,PAK
PcleLng,PAK_2021,PAK,0.294217335597398,0.236222128509261,0.67806034601053,49,10,3,1010,CV1_PAK,PAK
PcleLng,PAK_2019,PAK,0.239617345317555,0.151967757230915,0.589420909488522,37,10,4,1010,CV1_PAK,PAK
PcleLng,PAK_2020,PAK,0.224773462254274,0.201752765884173,0.67018287979117,57,10,4,1010,CV1_PAK,PAK
PcleLng,PAK_2021,PAK,0.316024121108922,0.311591476812353,0.738430667545562,46,10,4,1010,CV1_PAK,PAK
PcleLng,PAK_2019,PAK,-0.0229956598185621,-0.123867595818815,0.54680834453834,41,10,5,1010,CV1_PAK,PAK
PcleLng,PAK_2020,PAK,0.0991102290633736,0.13058210764319,0.499706480717684,57,10,5,1010,CV1_PAK,PAK
PcleLng,PAK_2021,PAK,0.0597015646131736,0.0675815656503409,0.516838864047818,50,10,5,1010,CV1_PAK,PAK
PcleLng,PAK_2019,PAK,0.263461062597792,0.272795497185741,0.730577389035448,40,11,1,1011,CV1_PAK,PAK
PcleLng,PAK_2020,PAK,0.0731053511810964,0.191314318127722,0.427193479637535,57,11,1,1011,CV1_PAK,PAK
PcleLng,PAK_2021,PAK,0.151208435709307,0.0566572291284967,0.643828596188266,49,11,1,1011,CV1_PAK,PAK
PcleLng,PAK_2019,PAK,-0.235258916864536,-0.223329686986926,0.379191866378761,42,11,2,1011,CV1_PAK,PAK
PcleLng,PAK_2020,PAK,0.108932156719082,0.0588599167114065,0.647281450688407,59,11,2,1011,CV1_PAK,PAK
PcleLng,PAK_2021,PAK,-0.0079470511815949,0.0322177209123259,0.592773625954637,49,11,2,1011,CV1_PAK,PAK
PcleLng,PAK_2019,PAK,-0.186777100662235,-0.181467181467181,0.525467730335402,36,11,3,1011,CV1_PAK,PAK
PcleLng,PAK_2020,PAK,0.168274755294338,0.240239316325218,0.617942485281825,56,11,3,1011,CV1_PAK,PAK
PcleLng,PAK_2021,PAK,0.106450621732792,0.10017932234668,0.611660482568907,48,11,3,1011,CV1_PAK,PAK
PcleLng,PAK_2019,PAK,0.0098917355944682,-0.126818200339093,0.56933909366123,42,11,4,1011,CV1_PAK,PAK
PcleLng,PAK_2020,PAK,0.226280062723772,0.266040981533237,0.714789182796162,56,11,4,1011,CV1_PAK,PAK
PcleLng,PAK_2021,PAK,0.281823293310861,0.378942935393635,0.576227961118064,52,11,4,1011,CV1_PAK,PAK
PcleLng,PAK_2019,PAK,0.11386972876584,0.114679652193318,0.645875219257495,38,11,5,1011,CV1_PAK,PAK
PcleLng,PAK_2020,PAK,0.222365231267219,0.193996804265932,0.810931993106121,56,11,5,1011,CV1_PAK,PAK
PcleLng,PAK_2021,PAK,0.375486065488096,0.364163938415138,0.690820989428728,46,11,5,1011,CV1_PAK,PAK
PcleLng,PAK_2019,PAK,0.152390397157926,0.217611336032389,0.559406489170363,39,12,1,1012,CV1_PAK,PAK
PcleLng,PAK_2020,PAK,-0.0086899316795073,0.0654231902788134,0.4530165216044,59,12,1,1012,CV1_PAK,PAK
PcleLng,PAK_2021,PAK,0.236539065907776,0.292070171180611,0.608329685096236,49,12,1,1012,CV1_PAK,PAK
PcleLng,PAK_2019,PAK,-0.202092537930498,-0.302164286172382,0.613147934632284,33,12,2,1012,CV1_PAK,PAK
PcleLng,PAK_2020,PAK,0.296975996248627,0.344112005215715,0.727816009494718,57,12,2,1012,CV1_PAK,PAK
PcleLng,PAK_2021,PAK,0.0157594686106081,0.0835166117581077,0.512729017835302,48,12,2,1012,CV1_PAK,PAK
PcleLng,PAK_2019,PAK,0.0400790411921718,-0.0113263110285728,0.514328208090855,43,12,3,1012,CV1_PAK,PAK
PcleLng,PAK_2020,PAK,0.0170781019846669,-0.102735967234934,0.599982078436402,56,12,3,1012,CV1_PAK,PAK
PcleLng,PAK_2021,PAK,0.385192469460697,0.318333723530222,0.782174379073729,48,12,3,1012,CV1_PAK,PAK
PcleLng,PAK_2019,PAK,0.113755320603097,0.11113509518374,0.625556099475261,46,12,4,1012,CV1_PAK,PAK
PcleLng,PAK_2020,PAK,0.170946600579323,0.204917578568703,0.606860355212228,59,12,4,1012,CV1_PAK,PAK
PcleLng,PAK_2021,PAK,-0.0020288263380695,0.0183063096080425,0.519529189173657,50,12,4,1012,CV1_PAK,PAK
PcleLng,PAK_2019,PAK,-0.0803443707346193,-0.125651967757231,0.53415520902657,37,12,5,1012,CV1_PAK,PAK
PcleLng,PAK_2020,PAK,0.179564502557491,0.156882437403459,0.674058551351334,53,12,5,1012,CV1_PAK,PAK
PcleLng,PAK_2021,PAK,0.165458948087932,0.23613532598944,0.591663852970442,49,12,5,1012,CV1_PAK,PAK
PcleLng,PAK_2019,PAK,-0.0205992115893466,-0.178222996515679,0.515250372609422,41,13,1,1013,CV1_PAK,PAK
PcleLng,PAK_2020,PAK,-0.0202202811821491,-0.040364977044355,0.530048920372444,58,13,1,1013,CV1_PAK,PAK
PcleLng,PAK_2021,PAK,0.0993266647910714,0.142544222450485,0.619570629336166,46,13,1,1013,CV1_PAK,PAK
PcleLng,PAK_2019,PAK,-0.0845605024153461,-0.0764478764478765,0.486886584932616,36,13,2,1013,CV1_PAK,PAK
PcleLng,PAK_2020,PAK,0.197962208643496,0.221631048865644,0.68312905290997,57,13,2,1013,CV1_PAK,PAK
PcleLng,PAK_2021,PAK,0.155149529380682,0.169387190974528,0.559463681522566,51,13,2,1013,CV1_PAK,PAK
PcleLng,PAK_2019,PAK,-0.0064704744182181,-0.0123281175912755,0.632522388205621,37,13,3,1013,CV1_PAK,PAK
PcleLng,PAK_2020,PAK,0.185987628732102,0.304083039279797,0.697699979926261,57,13,3,1013,CV1_PAK,PAK
PcleLng,PAK_2021,PAK,-0.0222994819793935,0.0137878262639436,0.508215617668342,49,13,3,1013,CV1_PAK,PAK
PcleLng,PAK_2019,PAK,-0.0776594009633596,-0.164437963096958,0.591668256183187,42,13,4,1013,CV1_PAK,PAK
PcleLng,PAK_2020,PAK,0.284618756609104,0.287728486413612,0.719180181582693,56,13,4,1013,CV1_PAK,PAK
PcleLng,PAK_2021,PAK,0.268969497112455,0.375763358905138,0.547871108507849,47,13,4,1013,CV1_PAK,PAK
PcleLng,PAK_2019,PAK,0.349722022976017,0.299918963707642,0.619424706935523,42,13,5,1013,CV1_PAK,PAK
PcleLng,PAK_2020,PAK,0.083318283465635,0.0453083148281253,0.561551952745579,56,13,5,1013,CV1_PAK,PAK
PcleLng,PAK_2021,PAK,0.173940863007436,0.110112532737415,0.729670004801752,51,13,5,1013,CV1_PAK,PAK
PcleLng,PAK_2019,PAK,-0.138416153148044,-0.170806433964329,0.511937320212684,38,14,1,1014,CV1_PAK,PAK
PcleLng,PAK_2020,PAK,-0.0335924374885173,0.0130556479019546,0.555670186936984,57,14,1,1014,CV1_PAK,PAK
PcleLng,PAK_2021,PAK,0.321669834631939,0.41537563883334,0.611429348222015,45,14,1,1014,CV1_PAK,PAK
PcleLng,PAK_2019,PAK,0.0462918551591849,0.114496394133377,0.609198240317462,42,14,2,1014,CV1_PAK,PAK
PcleLng,PAK_2020,PAK,-0.0985749837290318,-0.0345480799370212,0.451652880325738,56,14,2,1014,CV1_PAK,PAK
PcleLng,PAK_2021,PAK,-0.0116065460586644,0.0733230971412339,0.515854698089842,50,14,2,1014,CV1_PAK,PAK
PcleLng,PAK_2019,PAK,0.139438699136601,-0.0076923076923076,0.673454629288041,39,14,3,1014,CV1_PAK,PAK
PcleLng,PAK_2020,PAK,0.364133496799393,0.357094200024528,0.738305287071815,56,14,3,1014,CV1_PAK,PAK
PcleLng,PAK_2021,PAK,0.226292402305845,0.216648219222257,0.693648914483535,51,14,3,1014,CV1_PAK,PAK
PcleLng,PAK_2019,PAK,-0.203990734471639,-0.290056285178236,0.370140882482746,40,14,4,1014,CV1_PAK,PAK
PcleLng,PAK_2020,PAK,0.0111465204690316,-0.0287055480808658,0.648000885359128,57,14,4,1014,CV1_PAK,PAK
PcleLng,PAK_2021,PAK,0.152398844698648,0.197137279028016,0.584155828453431,51,14,4,1014,CV1_PAK,PAK
PcleLng,PAK_2019,PAK,0.146490415102433,0.172064777327935,0.770262128958822,39,14,5,1014,CV1_PAK,PAK
PcleLng,PAK_2020,PAK,0.0934924851829528,0.0965551977731673,0.728809572081493,58,14,5,1014,CV1_PAK,PAK
PcleLng,PAK_2021,PAK,-0.0747736322553976,-0.135328422381106,0.571750955907322,47,14,5,1014,CV1_PAK,PAK
PcleLng,PAK_2019,PAK,-0.0444642061577439,-0.0592788374578787,0.65827979537865,43,15,1,1015,CV1_PAK,PAK
PcleLng,PAK_2020,PAK,0.266156106565794,0.247230012946099,0.698237559222258,56,15,1,1015,CV1_PAK,PAK
PcleLng,PAK_2021,PAK,0.177657460153747,0.126894495924294,0.626711754135061,48,15,1,1015,CV1_PAK,PAK
PcleLng,PAK_2019,PAK,-0.0547313882315057,-0.121991978609626,0.669352296372056,33,15,2,1015,CV1_PAK,PAK
PcleLng,PAK_2020,PAK,-0.0428794087588313,-0.0302658583236478,0.497752735324116,55,15,2,1015,CV1_PAK,PAK
PcleLng,PAK_2021,PAK,0.0482019664847057,0.152267191685058,0.555230009798313,48,15,2,1015,CV1_PAK,PAK
PcleLng,PAK_2019,PAK,-0.0676295857011001,-0.177700348432056,0.493320636515447,42,15,3,1015,CV1_PAK,PAK
PcleLng,PAK_2020,PAK,0.207404252922042,0.215351777158129,0.81006551447695,56,15,3,1015,CV1_PAK,PAK
PcleLng,PAK_2021,PAK,-0.0161393916248079,-0.0292985467449546,0.497740303225845,47,15,3,1015,CV1_PAK,PAK
PcleLng,PAK_2019,PAK,0.170115300346968,0.0721983631796451,0.564397463465329,42,15,4,1015,CV1_PAK,PAK
PcleLng,PAK_2020,PAK,0.108738247551107,0.204500855473179,0.603287918148073,59,15,4,1015,CV1_PAK,PAK
PcleLng,PAK_2021,PAK,0.200231044636072,0.162395895027167,0.744623139196614,51,15,4,1015,CV1_PAK,PAK
PcleLng,PAK_2019,PAK,0.0075964882424955,0.0471605208447314,0.565198339750615,38,15,5,1015,CV1_PAK,PAK
PcleLng,PAK_2020,PAK,0.0929701537546964,0.147979470362861,0.485869747748806,58,15,5,1015,CV1_PAK,PAK
PcleLng,PAK_2021,PAK,0.238178903691737,0.381927597764913,0.501100775912843,50,15,5,1015,CV1_PAK,PAK
PtHt,AUS_2017,AUS,0.317201518237293,0.247877612238697,0.733813198281693,81,1,1,1001,CV1_AUS,AUS
PtHt,AUS_2018,AUS,0.27218207278937,0.215524503261882,0.541888834668212,102,1,1,1001,CV1_AUS,AUS
PtHt,AUS_2019,AUS,0.161682029224331,-0.0681965799519191,0.578236799717224,42,1,1,1001,CV1_AUS,AUS
PtHt,AUS_2017,AUS,0.439883182590369,0.369816158163489,0.576481552442154,78,1,2,1001,CV1_AUS,AUS
PtHt,AUS_2018,AUS,0.488963661363692,0.526993596560053,0.709971496190761,95,1,2,1001,CV1_AUS,AUS
PtHt,AUS_2019,AUS,0.427753436068194,0.39710732591732,0.825181751590074,50,1,2,1001,CV1_AUS,AUS
PtHt,AUS_2017,AUS,0.270464442768016,0.304193903834541,0.752596531800057,74,1,3,1001,CV1_AUS,AUS
PtHt,AUS_2018,AUS,0.417867304028294,0.409889476182828,0.665897070491666,98,1,3,1001,CV1_AUS,AUS
PtHt,AUS_2019,AUS,-0.0645937402598469,-0.126576452195934,0.448954380020086,52,1,3,1001,CV1_AUS,AUS
PtHt,AUS_2017,AUS,0.356305427345863,0.422107654536282,0.592239120733091,88,1,4,1001,CV1_AUS,AUS
PtHt,AUS_2018,AUS,0.303729111917136,0.306483929441071,0.657444473024083,101,1,4,1001,CV1_AUS,AUS
PtHt,AUS_2019,AUS,0.151456140271742,0.0540453388370106,0.754720114130424,42,1,4,1001,CV1_AUS,AUS
PtHt,AUS_2017,AUS,0.495556366385994,0.483975757726537,0.744087312792081,90,1,5,1001,CV1_AUS,AUS
PtHt,AUS_2018,AUS,0.400726225927249,0.412910585491685,0.726043797380628,98,1,5,1001,CV1_AUS,AUS
PtHt,AUS_2019,AUS,0.361001997971526,0.347025619137555,0.726232190926861,50,1,5,1001,CV1_AUS,AUS
PtHt,AUS_2017,AUS,0.357963732349424,0.360430634088406,0.65063527334867,85,2,1,1002,CV1_AUS,AUS
PtHt,AUS_2018,AUS,0.360826540832187,0.365461792761326,0.722469819698442,97,2,1,1002,CV1_AUS,AUS
PtHt,AUS_2019,AUS,0.29797361385719,0.248860475857153,0.687556833227799,54,2,1,1002,CV1_AUS,AUS
PtHt,AUS_2017,AUS,0.367298840176948,0.372925908394679,0.673060253513679,90,2,2,1002,CV1_AUS,AUS
PtHt,AUS_2018,AUS,0.416895941265653,0.481186819788772,0.822686756464316,101,2,2,1002,CV1_AUS,AUS
PtHt,AUS_2019,AUS,-0.136057126066815,-0.181057452832644,0.437353540479244,41,2,2,1002,CV1_AUS,AUS
PtHt,AUS_2017,AUS,0.42305306867347,0.463504239544068,0.843900226496532,73,2,3,1002,CV1_AUS,AUS
PtHt,AUS_2018,AUS,0.429810494174227,0.39795013672772,0.673591276190593,101,2,3,1002,CV1_AUS,AUS
PtHt,AUS_2019,AUS,0.341938540170122,0.135691652123271,0.799354704383069,38,2,3,1002,CV1_AUS,AUS
PtHt,AUS_2017,AUS,0.388358962574642,0.34271713738929,0.656308764307744,80,2,4,1002,CV1_AUS,AUS
PtHt,AUS_2018,AUS,0.316913699289174,0.370063109688492,0.698468993736127,100,2,4,1002,CV1_AUS,AUS
PtHt,AUS_2019,AUS,0.270900618165941,0.28900888526846,0.737630847415981,54,2,4,1002,CV1_AUS,AUS
PtHt,AUS_2017,AUS,0.311148567046286,0.291129033830878,0.539277634706925,83,2,5,1002,CV1_AUS,AUS
PtHt,AUS_2018,AUS,0.357238546671896,0.310916482983904,0.534624375039216,95,2,5,1002,CV1_AUS,AUS
PtHt,AUS_2019,AUS,0.271251555439464,0.221967095815218,0.61175288926544,49,2,5,1002,CV1_AUS,AUS
PtHt,AUS_2017,AUS,0.410943058664246,0.422500539543194,0.686928177687593,86,3,1,1003,CV1_AUS,AUS
PtHt,AUS_2018,AUS,0.373618541714767,0.366920584360517,0.834933467380196,100,3,1,1003,CV1_AUS,AUS
PtHt,AUS_2019,AUS,0.322309028236612,0.29653721675671,0.747466035551816,50,3,1,1003,CV1_AUS,AUS
PtHt,AUS_2017,AUS,0.294196841929862,0.302801680034436,0.598289894568298,81,3,2,1003,CV1_AUS,AUS
PtHt,AUS_2018,AUS,0.304210484629749,0.357467450733648,0.703229840186986,100,3,2,1003,CV1_AUS,AUS
PtHt,AUS_2019,AUS,0.0791248203908234,0.014880641620001,0.741390749890151,44,3,2,1003,CV1_AUS,AUS
PtHt,AUS_2017,AUS,0.247596782663308,0.27560779135186,0.64652825271645,78,3,3,1003,CV1_AUS,AUS
PtHt,AUS_2018,AUS,0.43901893132169,0.450490753963649,0.658278129180807,100,3,3,1003,CV1_AUS,AUS
PtHt,AUS_2019,AUS,0.269750374872396,0.235081357397122,0.694687370825378,43,3,3,1003,CV1_AUS,AUS
PtHt,AUS_2017,AUS,0.59979140697116,0.563320828457138,0.768513693268282,81,3,4,1003,CV1_AUS,AUS
PtHt,AUS_2018,AUS,0.339162117052431,0.336043954137881,0.710021346356445,95,3,4,1003,CV1_AUS,AUS
PtHt,AUS_2019,AUS,0.0533218714173197,0.0237584547235399,0.45130060652874,49,3,4,1003,CV1_AUS,AUS
PtHt,AUS_2017,AUS,0.335144621374505,0.335653647177563,0.601751176705922,85,3,5,1003,CV1_AUS,AUS
PtHt,AUS_2018,AUS,0.416770936472691,0.418257535805317,0.764600429286672,99,3,5,1003,CV1_AUS,AUS
PtHt,AUS_2019,AUS,0.350338756495032,0.191937074323946,0.720247635467775,50,3,5,1003,CV1_AUS,AUS
PtHt,AUS_2017,AUS,0.250889761852073,0.266119912002644,0.62389410216684,85,4,1,1004,CV1_AUS,AUS
PtHt,AUS_2018,AUS,0.336343281485199,0.342755871181121,0.718842835917508,98,4,1,1004,CV1_AUS,AUS
PtHt,AUS_2019,AUS,0.149328558691549,0.0782075555976111,0.633996830232408,51,4,1,1004,CV1_AUS,AUS
PtHt,AUS_2017,AUS,0.384555127601275,0.413823380315282,0.691369701316839,79,4,2,1004,CV1_AUS,AUS
PtHt,AUS_2018,AUS,0.312408846861434,0.31406335676565,0.679606916843996,97,4,2,1004,CV1_AUS,AUS
PtHt,AUS_2019,AUS,0.266626720759186,0.244102388202253,0.740331492855292,51,4,2,1004,CV1_AUS,AUS
PtHt,AUS_2017,AUS,0.575071247672634,0.540613767225721,0.824567504362216,78,4,3,1004,CV1_AUS,AUS
PtHt,AUS_2018,AUS,0.509727990402219,0.55783607878693,0.856815993806744,98,4,3,1004,CV1_AUS,AUS
PtHt,AUS_2019,AUS,0.30252157570566,0.38844644271058,0.839342327751223,44,4,3,1004,CV1_AUS,AUS
PtHt,AUS_2017,AUS,0.284616398540772,0.353161867827615,0.663057592081852,80,4,4,1004,CV1_AUS,AUS
PtHt,AUS_2018,AUS,0.266665030698846,0.327943142610041,0.740808168556262,105,4,4,1004,CV1_AUS,AUS
PtHt,AUS_2019,AUS,0.23927228295862,0.206522362341402,0.783261365014873,52,4,4,1004,CV1_AUS,AUS
PtHt,AUS_2017,AUS,0.33318407669378,0.32420859525258,0.509347714343103,89,4,5,1004,CV1_AUS,AUS
PtHt,AUS_2018,AUS,0.438672743419209,0.432902600685424,0.612073123949608,96,4,5,1004,CV1_AUS,AUS
PtHt,AUS_2019,AUS,0.192803166038971,0.039526998565945,0.568463811454405,38,4,5,1004,CV1_AUS,AUS
PtHt,AUS_2017,AUS,0.494444916190403,0.490255546617711,0.731327066236134,91,5,1,1005,CV1_AUS,AUS
PtHt,AUS_2018,AUS,0.475647949867444,0.455275356360124,0.773657914838443,103,5,1,1005,CV1_AUS,AUS
PtHt,AUS_2019,AUS,0.375402179197577,0.229036034534472,0.761165932135125,54,5,1,1005,CV1_AUS,AUS
PtHt,AUS_2017,AUS,0.435539394271184,0.468597235754801,0.685051278996473,71,5,2,1005,CV1_AUS,AUS
PtHt,AUS_2018,AUS,0.340470720162448,0.38122085085359,0.714260897493902,95,5,2,1005,CV1_AUS,AUS
PtHt,AUS_2019,AUS,0.166287825021277,0.161548774752554,0.65587314746898,56,5,2,1005,CV1_AUS,AUS
PtHt,AUS_2017,AUS,0.324728654530124,0.340217039239504,0.672607966034514,87,5,3,1005,CV1_AUS,AUS
PtHt,AUS_2018,AUS,0.300069407976304,0.277224459710103,0.738905333958194,94,5,3,1005,CV1_AUS,AUS
PtHt,AUS_2019,AUS,0.155643879344751,0.152799041509565,0.633554631116802,43,5,3,1005,CV1_AUS,AUS
PtHt,AUS_2017,AUS,0.305553346361317,0.315524769950105,0.727574305505538,82,5,4,1005,CV1_AUS,AUS
PtHt,AUS_2018,AUS,0.397119804320361,0.410534495422284,0.641486495574866,101,5,4,1005,CV1_AUS,AUS
PtHt,AUS_2019,AUS,0.268149582211239,0.258288912361488,0.748900331183477,40,5,4,1005,CV1_AUS,AUS
PtHt,AUS_2017,AUS,0.354063186971377,0.31198341403471,0.414839325812182,80,5,5,1005,CV1_AUS,AUS
PtHt,AUS_2018,AUS,0.400068991464888,0.400184883764116,0.717743272193939,101,5,5,1005,CV1_AUS,AUS
PtHt,AUS_2019,AUS,0.123288854320677,-0.0395179368122945,0.491870716421216,43,5,5,1005,CV1_AUS,AUS
PtHt,AUS_2017,AUS,0.242408544642226,0.286905048917896,0.69639188012496,80,6,1,1006,CV1_AUS,AUS
PtHt,AUS_2018,AUS,0.367777643240483,0.406807327885562,0.777065838193599,100,6,1,1006,CV1_AUS,AUS
PtHt,AUS_2019,AUS,0.0597731514277354,0.113422211817051,0.475155694499345,54,6,1,1006,CV1_AUS,AUS
PtHt,AUS_2017,AUS,0.393438154909504,0.353072936482894,0.573181510705106,90,6,2,1006,CV1_AUS,AUS
PtHt,AUS_2018,AUS,0.398585848258326,0.408317008707078,0.626227595059032,92,6,2,1006,CV1_AUS,AUS
PtHt,AUS_2019,AUS,0.239017223370025,0.130123941406842,0.706397734886548,41,6,2,1006,CV1_AUS,AUS
PtHt,AUS_2017,AUS,0.393743922958574,0.327718776517357,0.719630679065983,84,6,3,1006,CV1_AUS,AUS
PtHt,AUS_2018,AUS,0.342355923542894,0.34788035030284,0.729041389051531,103,6,3,1006,CV1_AUS,AUS
PtHt,AUS_2019,AUS,-0.0233450151729687,-0.0666618858748648,0.614521207269457,55,6,3,1006,CV1_AUS,AUS
PtHt,AUS_2017,AUS,0.433310047346226,0.402527859837441,0.667787981391864,77,6,4,1006,CV1_AUS,AUS
PtHt,AUS_2018,AUS,0.330571270246691,0.319301740267639,0.6201576131533,100,6,4,1006,CV1_AUS,AUS
PtHt,AUS_2019,AUS,0.239781791765648,0.134865604578825,0.601110420684823,50,6,4,1006,CV1_AUS,AUS
PtHt,AUS_2017,AUS,0.389152440526803,0.468904517204405,0.546969131781566,80,6,5,1006,CV1_AUS,AUS
PtHt,AUS_2018,AUS,0.451096472882944,0.439247735406528,0.720779552744574,99,6,5,1006,CV1_AUS,AUS
PtHt,AUS_2019,AUS,0.626214532323162,0.573840682658327,0.882162947171249,36,6,5,1006,CV1_AUS,AUS
PtHt,AUS_2017,AUS,0.312201630644348,0.267210837924861,0.674814861426354,80,7,1,1007,CV1_AUS,AUS
PtHt,AUS_2018,AUS,0.223595075029132,0.303500323547399,0.711861788334123,96,7,1,1007,CV1_AUS,AUS
PtHt,AUS_2019,AUS,0.146106181255653,0.202263115355152,0.806053906226114,40,7,1,1007,CV1_AUS,AUS
PtHt,AUS_2017,AUS,0.293290112480595,0.320199696582437,0.657129272808121,81,7,2,1007,CV1_AUS,AUS
PtHt,AUS_2018,AUS,0.315224159731284,0.284734707502378,0.547788403997084,102,7,2,1007,CV1_AUS,AUS
PtHt,AUS_2019,AUS,0.211606431005559,0.0384116564076551,0.584699448521232,42,7,2,1007,CV1_AUS,AUS
PtHt,AUS_2017,AUS,0.491956674297591,0.497860778748948,0.587265838955213,82,7,3,1007,CV1_AUS,AUS
PtHt,AUS_2018,AUS,0.423143114953609,0.403963916842795,0.732614239300504,102,7,3,1007,CV1_AUS,AUS
PtHt,AUS_2019,AUS,0.310486713298262,0.284025044146689,0.730708319133579,53,7,3,1007,CV1_AUS,AUS
PtHt,AUS_2017,AUS,0.420677078641513,0.457906249997657,0.770407518516471,87,7,4,1007,CV1_AUS,AUS
PtHt,AUS_2018,AUS,0.586154837067557,0.628652542777623,0.814288508684817,96,7,4,1007,CV1_AUS,AUS
PtHt,AUS_2019,AUS,0.315459477303072,0.369559546757884,0.738803264292685,56,7,4,1007,CV1_AUS,AUS
PtHt,AUS_2017,AUS,0.313108099317644,0.327282605432786,0.690236264766983,81,7,5,1007,CV1_AUS,AUS
PtHt,AUS_2018,AUS,0.295615903364783,0.276538160561606,0.759393300843011,98,7,5,1007,CV1_AUS,AUS
PtHt,AUS_2019,AUS,0.0468448187806498,-0.161073442169817,0.64150493156903,45,7,5,1007,CV1_AUS,AUS
PtHt,AUS_2017,AUS,0.34869190052241,0.363720744091665,0.493862434459166,89,8,1,1008,CV1_AUS,AUS
PtHt,AUS_2018,AUS,0.474337116903121,0.479711828618964,0.739231240367727,100,8,1,1008,CV1_AUS,AUS
PtHt,AUS_2019,AUS,0.399499865634493,0.366362420979124,0.826711321685901,50,8,1,1008,CV1_AUS,AUS
PtHt,AUS_2017,AUS,0.328895477037627,0.335657124092024,0.54306699406587,74,8,2,1008,CV1_AUS,AUS
PtHt,AUS_2018,AUS,0.247695239107392,0.279168935559678,0.72150715111722,93,8,2,1008,CV1_AUS,AUS
PtHt,AUS_2019,AUS,0.0528935338003556,0.0460013717011399,0.618379226990753,44,8,2,1008,CV1_AUS,AUS
PtHt,AUS_2017,AUS,0.400308461700411,0.372051301996528,0.762633205132862,81,8,3,1008,CV1_AUS,AUS
PtHt,AUS_2018,AUS,0.450103485208801,0.413358558669379,0.644200890469982,103,8,3,1008,CV1_AUS,AUS
PtHt,AUS_2019,AUS,0.040499188502309,0.0271672249269529,0.55444699194736,44,8,3,1008,CV1_AUS,AUS
PtHt,AUS_2017,AUS,0.507162296964445,0.548288935862591,0.806388805571286,81,8,4,1008,CV1_AUS,AUS
PtHt,AUS_2018,AUS,0.365001208808691,0.324786260035363,0.780824125653951,97,8,4,1008,CV1_AUS,AUS
PtHt,AUS_2019,AUS,0.392375396653175,0.218434320627551,0.559510310476922,57,8,4,1008,CV1_AUS,AUS
PtHt,AUS_2017,AUS,0.352843256797684,0.339454210196569,0.737293381984854,86,8,5,1008,CV1_AUS,AUS
PtHt,AUS_2018,AUS,0.2909090778675,0.332488764153801,0.794748911158478,101,8,5,1008,CV1_AUS,AUS
PtHt,AUS_2019,AUS,0.102354488603289,0.0595322535459621,0.659503914816615,41,8,5,1008,CV1_AUS,AUS
PtHt,AUS_2017,AUS,0.493011229530101,0.463699387632806,0.726938942134693,80,9,1,1009,CV1_AUS,AUS
PtHt,AUS_2018,AUS,0.372121079166433,0.377240093490426,0.706528081878556,97,9,1,1009,CV1_AUS,AUS
PtHt,AUS_2019,AUS,0.245763286141685,0.166236988405666,0.647224588636153,49,9,1,1009,CV1_AUS,AUS
PtHt,AUS_2017,AUS,0.264998614389071,0.292571107233908,0.663985878976376,87,9,2,1009,CV1_AUS,AUS
PtHt,AUS_2018,AUS,0.325941348536676,0.356268080085672,0.731909913681295,104,9,2,1009,CV1_AUS,AUS
PtHt,AUS_2019,AUS,0.452213355595421,0.310933400356218,0.745121933800329,43,9,2,1009,CV1_AUS,AUS
PtHt,AUS_2017,AUS,0.327242264611147,0.423534325945873,0.667514255587603,86,9,3,1009,CV1_AUS,AUS
PtHt,AUS_2018,AUS,0.309849438063645,0.322030630719692,0.704989903766637,96,9,3,1009,CV1_AUS,AUS
PtHt,AUS_2019,AUS,0.0858945861213133,0.0448406953968666,0.601513912171377,50,9,3,1009,CV1_AUS,AUS
PtHt,AUS_2017,AUS,0.378604035329577,0.408306357427265,0.713862104479824,82,9,4,1009,CV1_AUS,AUS
PtHt,AUS_2018,AUS,0.374229061270844,0.37553382221485,0.719867928164245,100,9,4,1009,CV1_AUS,AUS
PtHt,AUS_2019,AUS,0.28068628991756,0.188333414066124,0.696512997800659,46,9,4,1009,CV1_AUS,AUS
PtHt,AUS_2017,AUS,0.386864653345893,0.299357320097075,0.625509234732375,76,9,5,1009,CV1_AUS,AUS
PtHt,AUS_2018,AUS,0.515579949440842,0.472607358717605,0.720376888675226,97,9,5,1009,CV1_AUS,AUS
PtHt,AUS_2019,AUS,0.110477955615246,0.0051638909774579,0.713380622482058,48,9,5,1009,CV1_AUS,AUS
PtHt,AUS_2017,AUS,0.347315098687475,0.322120679884857,0.568685763071825,84,10,1,1010,CV1_AUS,AUS
PtHt,AUS_2018,AUS,0.432204890082004,0.421263888509196,0.692888787279221,101,10,1,1010,CV1_AUS,AUS
PtHt,AUS_2019,AUS,0.325420837525497,0.33042654589722,0.703258124173919,42,10,1,1010,CV1_AUS,AUS
PtHt,AUS_2017,AUS,0.510371614864886,0.539764724361763,0.80786165404606,79,10,2,1010,CV1_AUS,AUS
PtHt,AUS_2018,AUS,0.379877723014648,0.386378803572042,0.735438931804375,99,10,2,1010,CV1_AUS,AUS
PtHt,AUS_2019,AUS,0.385503608486374,0.2943997517257,0.614167563480611,45,10,2,1010,CV1_AUS,AUS
PtHt,AUS_2017,AUS,0.337430022058398,0.314851861119212,0.652624976670498,83,10,3,1010,CV1_AUS,AUS
PtHt,AUS_2018,AUS,0.251179809025411,0.277560060821052,0.712044192476984,104,10,3,1010,CV1_AUS,AUS
PtHt,AUS_2019,AUS,0.112682136440218,-0.0544360600203125,0.639860901412761,46,10,3,1010,CV1_AUS,AUS
PtHt,AUS_2017,AUS,0.284606064486378,0.309753881102655,0.650740936421147,79,10,4,1010,CV1_AUS,AUS
PtHt,AUS_2018,AUS,0.411419456177771,0.441929019312855,0.665403560986392,95,10,4,1010,CV1_AUS,AUS
PtHt,AUS_2019,AUS,0.236157287450311,0.207711714129126,0.703700085262826,49,10,4,1010,CV1_AUS,AUS
PtHt,AUS_2017,AUS,0.337940683210939,0.330739734707174,0.550960346830036,86,10,5,1010,CV1_AUS,AUS
PtHt,AUS_2018,AUS,0.449960812129028,0.426123001301857,0.688470841992385,95,10,5,1010,CV1_AUS,AUS
PtHt,AUS_2019,AUS,0.216564233108294,0.145976806699822,0.68515043104676,54,10,5,1010,CV1_AUS,AUS
PtHt,AUS_2017,AUS,0.277790334439475,0.336382176607739,0.702286691596374,84,11,1,1011,CV1_AUS,AUS
PtHt,AUS_2018,AUS,0.38822157372521,0.365290247599551,0.723828136970683,95,11,1,1011,CV1_AUS,AUS
PtHt,AUS_2019,AUS,-0.0116116918279963,-0.0874213435859269,0.612484605125868,58,11,1,1011,CV1_AUS,AUS
PtHt,AUS_2017,AUS,0.363866726530718,0.352971688039257,0.528243888048883,78,11,2,1011,CV1_AUS,AUS
PtHt,AUS_2018,AUS,0.469237297397621,0.43429434930908,0.696655831551404,106,11,2,1011,CV1_AUS,AUS
PtHt,AUS_2019,AUS,0.388521853598352,0.409616626964973,0.76162763069289,51,11,2,1011,CV1_AUS,AUS
PtHt,AUS_2017,AUS,0.433697601889603,0.422991540032854,0.591711195305726,82,11,3,1011,CV1_AUS,AUS
PtHt,AUS_2018,AUS,0.28802369736576,0.264414099029657,0.618465186547207,99,11,3,1011,CV1_AUS,AUS
PtHt,AUS_2019,AUS,0.0782561128360245,0.0774520396422282,0.727720894824819,43,11,3,1011,CV1_AUS,AUS
PtHt,AUS_2017,AUS,0.36850563778913,0.414056698364383,0.793980930229549,80,11,4,1011,CV1_AUS,AUS
PtHt,AUS_2018,AUS,0.391265471206628,0.47668238927948,0.800881310735414,94,11,4,1011,CV1_AUS,AUS
PtHt,AUS_2019,AUS,0.187615088796745,0.136241901020051,0.738196783430469,44,11,4,1011,CV1_AUS,AUS
PtHt,AUS_2017,AUS,0.443789675925639,0.444776687577981,0.651609248930288,87,11,5,1011,CV1_AUS,AUS
PtHt,AUS_2018,AUS,0.353891019951991,0.421925780812534,0.820057585261444,100,11,5,1011,CV1_AUS,AUS
PtHt,AUS_2019,AUS,0.44583711110277,0.363414727100481,0.770853958615607,40,11,5,1011,CV1_AUS,AUS
PtHt,AUS_2017,AUS,0.176881857438295,0.191379675184903,0.672065783196874,76,12,1,1012,CV1_AUS,AUS
PtHt,AUS_2018,AUS,0.337635864841007,0.35561003487769,0.675409694794272,101,12,1,1012,CV1_AUS,AUS
PtHt,AUS_2019,AUS,0.428844062726026,0.3062624264624,0.741131150075952,45,12,1,1012,CV1_AUS,AUS
PtHt,AUS_2017,AUS,0.405173193581505,0.372446442756926,0.703213246949944,87,12,2,1012,CV1_AUS,AUS
PtHt,AUS_2018,AUS,0.349852769213202,0.320304525531556,0.728812977551033,96,12,2,1012,CV1_AUS,AUS
PtHt,AUS_2019,AUS,0.0749636719982175,0.0589303997254469,0.670363787664422,52,12,2,1012,CV1_AUS,AUS
PtHt,AUS_2017,AUS,0.384936214965486,0.402147733323738,0.630563832549485,78,12,3,1012,CV1_AUS,AUS
PtHt,AUS_2018,AUS,0.315221396875717,0.379247732723625,0.744244552275089,96,12,3,1012,CV1_AUS,AUS
PtHt,AUS_2019,AUS,0.177399377136395,0.128326305697544,0.54027306621236,47,12,3,1012,CV1_AUS,AUS
PtHt,AUS_2017,AUS,0.458160480566764,0.462851742534513,0.704738897492538,89,12,4,1012,CV1_AUS,AUS
PtHt,AUS_2018,AUS,0.443123120706734,0.423492909719901,0.706432287255221,99,12,4,1012,CV1_AUS,AUS
PtHt,AUS_2019,AUS,-0.0073693155487003,-0.0683524251188504,0.626734885159525,47,12,4,1012,CV1_AUS,AUS
PtHt,AUS_2017,AUS,0.348841931753335,0.377543213362082,0.524440993527802,81,12,5,1012,CV1_AUS,AUS
PtHt,AUS_2018,AUS,0.443400289852414,0.440803920325137,0.673368208507034,102,12,5,1012,CV1_AUS,AUS
PtHt,AUS_2019,AUS,0.418847306327772,0.402070116923701,0.855798814058728,45,12,5,1012,CV1_AUS,AUS
PtHt,AUS_2017,AUS,0.326255754898008,0.351529255982178,0.653968879658265,89,13,1,1013,CV1_AUS,AUS
PtHt,AUS_2018,AUS,0.380947745307298,0.388545453289986,0.750832826274863,98,13,1,1013,CV1_AUS,AUS
PtHt,AUS_2019,AUS,0.0449293828127621,0.0322440924077424,0.697743344983425,49,13,1,1013,CV1_AUS,AUS
PtHt,AUS_2017,AUS,0.237415787213657,0.233077148110482,0.607119973384318,82,13,2,1013,CV1_AUS,AUS
PtHt,AUS_2018,AUS,0.325096355517767,0.402694867166293,0.650742950551971,101,13,2,1013,CV1_AUS,AUS
PtHt,AUS_2019,AUS,0.15583462963796,0.0208306130085251,0.657293661209589,41,13,2,1013,CV1_AUS,AUS
PtHt,AUS_2017,AUS,0.450798125313986,0.500141556019331,0.675072456051145,77,13,3,1013,CV1_AUS,AUS
PtHt,AUS_2018,AUS,0.326475640836395,0.303442340736966,0.763076034900045,98,13,3,1013,CV1_AUS,AUS
PtHt,AUS_2019,AUS,0.307825073192433,0.115163717403349,0.791861924132387,50,13,3,1013,CV1_AUS,AUS
PtHt,AUS_2017,AUS,0.360418081120769,0.368933350504765,0.649452890191627,79,13,4,1013,CV1_AUS,AUS
PtHt,AUS_2018,AUS,0.368082755173743,0.345161764227136,0.686857107125341,100,13,4,1013,CV1_AUS,AUS
PtHt,AUS_2019,AUS,0.253918913013662,0.192233070716276,0.660512730876488,52,13,4,1013,CV1_AUS,AUS
PtHt,AUS_2017,AUS,0.48330424472808,0.48161436208176,0.738582182872652,84,13,5,1013,CV1_AUS,AUS
PtHt,AUS_2018,AUS,0.476690886571608,0.505311773805545,0.778419856489083,97,13,5,1013,CV1_AUS,AUS
PtHt,AUS_2019,AUS,0.382824023757972,0.345581597753946,0.744790304193692,44,13,5,1013,CV1_AUS,AUS
PtHt,AUS_2017,AUS,0.373143633501544,0.440844805091142,0.67018907071791,78,14,1,1014,CV1_AUS,AUS
PtHt,AUS_2018,AUS,0.376762935383641,0.411955288579505,0.778309727839402,100,14,1,1014,CV1_AUS,AUS
PtHt,AUS_2019,AUS,0.187632183683457,0.195839930672657,0.72007144643129,48,14,1,1014,CV1_AUS,AUS
PtHt,AUS_2017,AUS,0.403174800908773,0.407543214096777,0.692633046257151,80,14,2,1014,CV1_AUS,AUS
PtHt,AUS_2018,AUS,0.31327094285226,0.374331551548997,0.72656481475875,102,14,2,1014,CV1_AUS,AUS
PtHt,AUS_2019,AUS,0.0847511833926636,0.127532354935915,0.713271256856621,44,14,2,1014,CV1_AUS,AUS
PtHt,AUS_2017,AUS,0.345523102868825,0.312997106803409,0.55524004111363,78,14,3,1014,CV1_AUS,AUS
PtHt,AUS_2018,AUS,0.414279606686911,0.428621745551442,0.590755445192538,97,14,3,1014,CV1_AUS,AUS
PtHt,AUS_2019,AUS,0.291262858395078,0.147039798984993,0.814506662744811,42,14,3,1014,CV1_AUS,AUS
PtHt,AUS_2017,AUS,0.422848945159437,0.374596482772481,0.728815062848497,88,14,4,1014,CV1_AUS,AUS
PtHt,AUS_2018,AUS,0.456288944133605,0.412411041135237,0.725787741525063,97,14,4,1014,CV1_AUS,AUS
PtHt,AUS_2019,AUS,0.256603264994814,0.194549983886941,0.691113704843525,50,14,4,1014,CV1_AUS,AUS
PtHt,AUS_2017,AUS,0.294466254661771,0.336991608319477,0.748982241242797,87,14,5,1014,CV1_AUS,AUS
PtHt,AUS_2018,AUS,0.295884952579294,0.299112492369437,0.74264832242917,98,14,5,1014,CV1_AUS,AUS
PtHt,AUS_2019,AUS,0.266523049625986,0.142411529660917,0.651207623569748,52,14,5,1014,CV1_AUS,AUS
PtHt,AUS_2017,AUS,0.351764967662331,0.361604193314764,0.629559861184199,85,15,1,1015,CV1_AUS,AUS
PtHt,AUS_2018,AUS,0.367035138647895,0.3370125545892,0.700257509434843,100,15,1,1015,CV1_AUS,AUS
PtHt,AUS_2019,AUS,-0.0216843681887022,-0.0450379644526102,0.671666772959196,40,15,1,1015,CV1_AUS,AUS
PtHt,AUS_2017,AUS,0.413510529205192,0.41791046991271,0.76402004297032,86,15,2,1015,CV1_AUS,AUS
PtHt,AUS_2018,AUS,0.33032040025909,0.294084038246843,0.771001794355456,97,15,2,1015,CV1_AUS,AUS
PtHt,AUS_2019,AUS,0.298482100727915,0.240776063587064,0.747774785139282,52,15,2,1015,CV1_AUS,AUS
PtHt,AUS_2017,AUS,0.376892186970986,0.322465180243047,0.605840658755629,83,15,3,1015,CV1_AUS,AUS
PtHt,AUS_2018,AUS,0.508889053741278,0.487383659835063,0.710601658811364,99,15,3,1015,CV1_AUS,AUS
PtHt,AUS_2019,AUS,0.338660953191292,0.261624989677256,0.828722816102339,46,15,3,1015,CV1_AUS,AUS
PtHt,AUS_2017,AUS,0.388099114826308,0.434399078212171,0.72419663389001,81,15,4,1015,CV1_AUS,AUS
PtHt,AUS_2018,AUS,0.263600377213024,0.327213519577915,0.783075377661752,100,15,4,1015,CV1_AUS,AUS
PtHt,AUS_2019,AUS,0.279430506515335,0.246127351009786,0.678060377543716,48,15,4,1015,CV1_AUS,AUS
PtHt,AUS_2017,AUS,0.333573719073157,0.364541324987075,0.679798747956581,76,15,5,1015,CV1_AUS,AUS
PtHt,AUS_2018,AUS,0.423414061421957,0.483076251392884,0.749543821536454,98,15,5,1015,CV1_AUS,AUS
PtHt,AUS_2019,AUS,0.190797621420834,0.12370841366724,0.614148797245849,50,15,5,1015,CV1_AUS,AUS
PtHt,PAK_2019,PAK,0.167959921574283,0.0893019202100864,0.650008818236263,43,1,1,1001,CV1_PAK,PAK
PtHt,PAK_2020,PAK,0.601799390405779,0.481832037704627,0.848498099815831,57,1,1,1001,CV1_PAK,PAK
PtHt,PAK_2021,PAK,0.367507424477537,0.236256916032942,0.838364886099678,47,1,1,1001,CV1_PAK,PAK
PtHt,PAK_2019,PAK,0.168417708145505,0.109181165098524,0.644873713771273,39,1,2,1001,CV1_PAK,PAK
PtHt,PAK_2020,PAK,0.356300182465629,0.236337119542796,0.734624200995912,57,1,2,1001,CV1_PAK,PAK
PtHt,PAK_2021,PAK,0.291742140973776,0.198597573426187,0.857919565072775,50,1,2,1001,CV1_PAK,PAK
PtHt,PAK_2019,PAK,0.196969041102587,0.127808005696107,0.792062556938745,42,1,3,1001,CV1_PAK,PAK
PtHt,PAK_2020,PAK,0.311953802318585,0.38480967611606,0.807252771898931,55,1,3,1001,CV1_PAK,PAK
PtHt,PAK_2021,PAK,0.358226974723921,0.424262549236919,0.721364986709659,49,1,3,1001,CV1_PAK,PAK
PtHt,PAK_2019,PAK,0.0800835268935751,0.144626230986973,0.794425841654502,34,1,4,1001,CV1_PAK,PAK
PtHt,PAK_2020,PAK,0.419018886109428,0.345813243499586,0.835200009039303,59,1,4,1001,CV1_PAK,PAK
PtHt,PAK_2021,PAK,0.51729471786558,0.383366814703399,0.809033014456953,48,1,4,1001,CV1_PAK,PAK
PtHt,PAK_2019,PAK,0.317056557398922,0.254035595251331,0.887871396543203,31,1,5,1001,CV1_PAK,PAK
PtHt,PAK_2020,PAK,0.382914982356845,0.363137241890792,0.852584737553767,54,1,5,1001,CV1_PAK,PAK
PtHt,PAK_2021,PAK,0.189761707278144,0.20235090621753,0.863303412047846,48,1,5,1001,CV1_PAK,PAK
PtHt,PAK_2019,PAK,0.0890367148735174,-0.0352131155927656,0.781194990529487,41,2,1,1002,CV1_PAK,PAK
PtHt,PAK_2020,PAK,0.0688444616743723,0.0383704132137365,0.713145607109321,58,2,1,1002,CV1_PAK,PAK
PtHt,PAK_2021,PAK,-0.09608977671824,-0.138605412058727,0.728820781438568,52,2,1,1002,CV1_PAK,PAK
PtHt,PAK_2019,PAK,0.533821088009904,0.259407807190762,0.767382380647712,30,2,2,1002,CV1_PAK,PAK
PtHt,PAK_2020,PAK,0.373735890445054,0.296176898546201,0.639396456821389,60,2,2,1002,CV1_PAK,PAK
PtHt,PAK_2021,PAK,0.279625891193082,0.159836698237442,0.740823475892537,49,2,2,1002,CV1_PAK,PAK
PtHt,PAK_2019,PAK,0.318699279172777,0.354979482198902,0.795745426779481,33,2,3,1002,CV1_PAK,PAK
PtHt,PAK_2020,PAK,0.552101185466619,0.558777293708299,0.937293113219607,53,2,3,1002,CV1_PAK,PAK
PtHt,PAK_2021,PAK,0.509873107230229,0.499413131849173,0.870348225902588,49,2,3,1002,CV1_PAK,PAK
PtHt,PAK_2019,PAK,0.119066318862029,0.129887552858785,0.645065160564315,44,2,4,1002,CV1_PAK,PAK
PtHt,PAK_2020,PAK,0.458752346406882,0.458593379179847,0.854283949391076,57,2,4,1002,CV1_PAK,PAK
PtHt,PAK_2021,PAK,0.582647926147806,0.490454318557973,0.887126676751079,46,2,4,1002,CV1_PAK,PAK
PtHt,PAK_2019,PAK,0.0030614377683873,0.043497221176009,0.689706348053032,41,2,5,1002,CV1_PAK,PAK
PtHt,PAK_2020,PAK,0.694471412015782,0.626320010331926,0.839499879412025,54,2,5,1002,CV1_PAK,PAK
PtHt,PAK_2021,PAK,0.464893296943255,0.573895889421264,0.894414190444649,46,2,5,1002,CV1_PAK,PAK
PtHt,PAK_2019,PAK,0.442704625717006,0.267837101447406,0.801564890294795,40,3,1,1003,CV1_PAK,PAK
PtHt,PAK_2020,PAK,0.380919636261591,0.289837697969186,0.818462584019276,58,3,1,1003,CV1_PAK,PAK
PtHt,PAK_2021,PAK,0.470765715830553,0.448827985122051,0.784626884046581,52,3,1,1003,CV1_PAK,PAK
PtHt,PAK_2019,PAK,0.179055047091911,0.16934452982641,0.726649607607665,42,3,2,1003,CV1_PAK,PAK
PtHt,PAK_2020,PAK,0.397266088324965,0.411842145141842,0.85080061859707,56,3,2,1003,CV1_PAK,PAK
PtHt,PAK_2021,PAK,0.354558660059204,0.299654581987156,0.719518135341998,46,3,2,1003,CV1_PAK,PAK
PtHt,PAK_2019,PAK,0.0519674360241889,-0.015181168028271,0.697194783703113,37,3,3,1003,CV1_PAK,PAK
PtHt,PAK_2020,PAK,0.325950000819871,0.32474837661726,0.650782000027877,57,3,3,1003,CV1_PAK,PAK
PtHt,PAK_2021,PAK,0.113298513333083,0.12968706077539,0.83428928079011,44,3,3,1003,CV1_PAK,PAK
PtHt,PAK_2019,PAK,0.136104100880395,0.182679839646648,0.692265620499831,34,3,4,1003,CV1_PAK,PAK
PtHt,PAK_2020,PAK,0.501992093081532,0.481515044275703,0.891346313699688,56,3,4,1003,CV1_PAK,PAK
PtHt,PAK_2021,PAK,0.351436909380144,0.255888141954126,0.884252179793382,49,3,4,1003,CV1_PAK,PAK
PtHt,PAK_2019,PAK,0.143850790818859,-0.0891983536771647,0.744166892988518,36,3,5,1003,CV1_PAK,PAK
PtHt,PAK_2020,PAK,0.605011302322554,0.496598791385337,0.768013999942057,55,3,5,1003,CV1_PAK,PAK
PtHt,PAK_2021,PAK,0.548094189757413,0.398868532503074,0.760230609762306,51,3,5,1003,CV1_PAK,PAK
PtHt,PAK_2019,PAK,0.36609412681569,0.200000019173568,0.739326215252306,38,4,1,1004,CV1_PAK,PAK
PtHt,PAK_2020,PAK,0.459395640761499,0.48813756371767,0.874257813241987,55,4,1,1004,CV1_PAK,PAK
PtHt,PAK_2021,PAK,0.387609520800127,0.408220576180406,0.743006606644437,51,4,1,1004,CV1_PAK,PAK
PtHt,PAK_2019,PAK,0.193607445061561,0.218074360032983,0.713273463831767,38,4,2,1004,CV1_PAK,PAK
PtHt,PAK_2020,PAK,0.553262399467992,0.514852713933652,0.890955417722219,58,4,2,1004,CV1_PAK,PAK
PtHt,PAK_2021,PAK,0.337366870766823,0.266156399665318,0.854237828817178,49,4,2,1004,CV1_PAK,PAK
PtHt,PAK_2019,PAK,-0.0530404582060778,-0.0338786689322399,0.719124995519179,36,4,3,1004,CV1_PAK,PAK
PtHt,PAK_2020,PAK,0.500148946172973,0.337930930206552,0.80959464993718,57,4,3,1004,CV1_PAK,PAK
PtHt,PAK_2021,PAK,0.358502810106705,0.288683965645996,0.741159777439733,46,4,3,1004,CV1_PAK,PAK
PtHt,PAK_2019,PAK,0.225136596768454,0.0788065636889675,0.692949682225877,42,4,4,1004,CV1_PAK,PAK
PtHt,PAK_2020,PAK,0.35496784632403,0.297087093088069,0.809442862117193,54,4,4,1004,CV1_PAK,PAK
PtHt,PAK_2021,PAK,0.389643915022556,0.333425850256594,0.843891433799516,46,4,4,1004,CV1_PAK,PAK
PtHt,PAK_2019,PAK,0.313211424923662,0.268217530926615,0.854412149592224,35,4,5,1004,CV1_PAK,PAK
PtHt,PAK_2020,PAK,0.285852647017019,0.258503460634316,0.733814790966416,58,4,5,1004,CV1_PAK,PAK
PtHt,PAK_2021,PAK,0.254463845432721,0.275759396872875,0.819229106294392,50,4,5,1004,CV1_PAK,PAK
PtHt,PAK_2019,PAK,0.170871213326803,0.0256350187984942,0.679574043519705,40,5,1,1005,CV1_PAK,PAK
PtHt,PAK_2020,PAK,0.467102255207402,0.424122272306115,0.872147401263399,56,5,1,1005,CV1_PAK,PAK
PtHt,PAK_2021,PAK,0.379838653574326,0.257267722675502,0.778765646674568,48,5,1,1005,CV1_PAK,PAK
PtHt,PAK_2019,PAK,0.19055597348547,0.0435174488493487,0.703335545167443,36,5,2,1005,CV1_PAK,PAK
PtHt,PAK_2020,PAK,0.405345756965253,0.273767013634596,0.754972025744811,56,5,2,1005,CV1_PAK,PAK
PtHt,PAK_2021,PAK,0.176817929327808,0.131204185455639,0.80902027111057,44,5,2,1005,CV1_PAK,PAK
PtHt,PAK_2019,PAK,0.22959236517341,0.125941686202861,0.808409032877251,36,5,3,1005,CV1_PAK,PAK
PtHt,PAK_2020,PAK,0.468954758618862,0.395872058807403,0.777146103213027,55,5,3,1005,CV1_PAK,PAK
PtHt,PAK_2021,PAK,0.444942348244415,0.340497060924535,0.842849875864873,50,5,3,1005,CV1_PAK,PAK
PtHt,PAK_2019,PAK,0.18803780026942,0.177427380975305,0.784731518255235,38,5,4,1005,CV1_PAK,PAK
PtHt,PAK_2020,PAK,0.301730745806318,0.316110200133576,0.751593098252839,58,5,4,1005,CV1_PAK,PAK
PtHt,PAK_2021,PAK,0.370127403809285,0.266074714667488,0.764179503486828,49,5,4,1005,CV1_PAK,PAK
PtHt,PAK_2019,PAK,0.295392592586528,0.288955346962978,0.821623378011512,39,5,5,1005,CV1_PAK,PAK
PtHt,PAK_2020,PAK,0.662284852219031,0.60635333399637,0.923017731850318,57,5,5,1005,CV1_PAK,PAK
PtHt,PAK_2021,PAK,0.464166870276103,0.439772813537628,0.870679091249587,51,5,5,1005,CV1_PAK,PAK
PtHt,PAK_2019,PAK,0.252550010800553,0.135886027291768,0.691259098174456,41,6,1,1006,CV1_PAK,PAK
PtHt,PAK_2020,PAK,0.395517363561007,0.348396941596309,0.740907323429415,57,6,1,1006,CV1_PAK,PAK
PtHt,PAK_2021,PAK,0.247632734130793,0.139110614381161,0.747549666322967,48,6,1,1006,CV1_PAK,PAK
PtHt,PAK_2019,PAK,0.282648444149302,0.220234162981217,0.838934875726357,33,6,2,1006,CV1_PAK,PAK
PtHt,PAK_2020,PAK,0.43810884901202,0.389990442589466,0.838596332009765,56,6,2,1006,CV1_PAK,PAK
PtHt,PAK_2021,PAK,0.285045068344798,0.276934778480852,0.811162178466954,48,6,2,1006,CV1_PAK,PAK
PtHt,PAK_2019,PAK,0.45971991114604,0.461350412520772,0.818817894763566,36,6,3,1006,CV1_PAK,PAK
PtHt,PAK_2020,PAK,0.533970657997006,0.445190064716907,0.872955020280993,57,6,3,1006,CV1_PAK,PAK
PtHt,PAK_2021,PAK,0.401272175832647,0.406026068205288,0.906779627444507,48,6,3,1006,CV1_PAK,PAK
PtHt,PAK_2019,PAK,0.0985856423529407,0.0108647200531588,0.744500689719003,42,6,4,1006,CV1_PAK,PAK
PtHt,PAK_2020,PAK,0.255165837428669,0.251148802917046,0.806863703023621,54,6,4,1006,CV1_PAK,PAK
PtHt,PAK_2021,PAK,0.247253139864079,0.184556928281735,0.801967097215702,48,6,4,1006,CV1_PAK,PAK
PtHt,PAK_2019,PAK,0.0839879759322176,0.0556280491608906,0.686062406340859,37,6,5,1006,CV1_PAK,PAK
PtHt,PAK_2020,PAK,0.556631638867085,0.558536677330756,0.826018095094534,58,6,5,1006,CV1_PAK,PAK
PtHt,PAK_2021,PAK,0.519847277357722,0.446306795526594,0.814614440728203,50,6,5,1006,CV1_PAK,PAK
PtHt,PAK_2019,PAK,0.336916830014945,0.270217305311995,0.787921243560382,35,7,1,1007,CV1_PAK,PAK
PtHt,PAK_2020,PAK,0.499379019602868,0.46648924665732,0.845669182557997,53,7,1,1007,CV1_PAK,PAK
PtHt,PAK_2021,PAK,0.504980446454669,0.464995252118692,0.813358898199596,47,7,1,1007,CV1_PAK,PAK
PtHt,PAK_2019,PAK,0.0838442426677619,0.0359624571678746,0.67185905936255,40,7,2,1007,CV1_PAK,PAK
PtHt,PAK_2020,PAK,0.354992670104473,0.245283031757536,0.630438690790318,57,7,2,1007,CV1_PAK,PAK
PtHt,PAK_2021,PAK,0.406542255836894,0.202818991248725,0.812038483505727,46,7,2,1007,CV1_PAK,PAK
PtHt,PAK_2019,PAK,0.260478661368596,0.121627339455863,0.781505223965941,40,7,3,1007,CV1_PAK,PAK
PtHt,PAK_2020,PAK,0.441265035637865,0.443567015291392,0.862980693418674,56,7,3,1007,CV1_PAK,PAK
PtHt,PAK_2021,PAK,0.1099413685958,0.099150360063788,0.764027395529399,49,7,3,1007,CV1_PAK,PAK
PtHt,PAK_2019,PAK,0.38743590552802,0.329479429264758,0.877035298938038,35,7,4,1007,CV1_PAK,PAK
PtHt,PAK_2020,PAK,0.515129714861774,0.544883566354934,0.907699008517287,60,7,4,1007,CV1_PAK,PAK
PtHt,PAK_2021,PAK,0.601786089736206,0.476138760979451,0.852461802247063,51,7,4,1007,CV1_PAK,PAK
PtHt,PAK_2019,PAK,-0.211197707811834,-0.138590810696548,0.544074508125884,39,7,5,1007,CV1_PAK,PAK
PtHt,PAK_2020,PAK,0.282087523580529,0.251337744127378,0.722677610300476,56,7,5,1007,CV1_PAK,PAK
PtHt,PAK_2021,PAK,0.120533932789499,0.152672536004339,0.719967299949976,49,7,5,1007,CV1_PAK,PAK
PtHt,PAK_2019,PAK,0.103983194498821,0.146102777856716,0.760408435741289,34,8,1,1008,CV1_PAK,PAK
PtHt,PAK_2020,PAK,0.425664830642791,0.419493377757053,0.728181330035376,55,8,1,1008,CV1_PAK,PAK
PtHt,PAK_2021,PAK,0.261945055222768,0.318178829435358,0.847367846989551,45,8,1,1008,CV1_PAK,PAK
PtHt,PAK_2019,PAK,0.217004199641733,0.0441107509853486,0.781999510308442,40,8,2,1008,CV1_PAK,PAK
PtHt,PAK_2020,PAK,0.379885556190205,0.247438742627516,0.810922117537843,57,8,2,1008,CV1_PAK,PAK
PtHt,PAK_2021,PAK,0.451376071227907,0.311894501802822,0.848802971968616,55,8,2,1008,CV1_PAK,PAK
PtHt,PAK_2019,PAK,-0.110625672741328,-0.0859473523105177,0.666984305624703,38,8,3,1008,CV1_PAK,PAK
PtHt,PAK_2020,PAK,0.43001544184364,0.377165142736922,0.834718476527279,55,8,3,1008,CV1_PAK,PAK
PtHt,PAK_2021,PAK,0.517614297175263,0.45958417633517,0.810778786230349,48,8,3,1008,CV1_PAK,PAK
PtHt,PAK_2019,PAK,0.144247544108843,0.111783616616835,0.789191664849162,37,8,4,1008,CV1_PAK,PAK
PtHt,PAK_2020,PAK,0.383684603363333,0.25068086451729,0.742787264403367,57,8,4,1008,CV1_PAK,PAK
PtHt,PAK_2021,PAK,0.176710181398793,0.129260016887414,0.666299790931699,51,8,4,1008,CV1_PAK,PAK
PtHt,PAK_2019,PAK,0.39009594998941,0.287821412076121,0.798299148988185,40,8,5,1008,CV1_PAK,PAK
PtHt,PAK_2020,PAK,0.493785758673326,0.43348511465372,0.898777821490118,58,8,5,1008,CV1_PAK,PAK
PtHt,PAK_2021,PAK,0.350475518439458,0.339525755269607,0.833210126528409,43,8,5,1008,CV1_PAK,PAK
PtHt,PAK_2019,PAK,0.0050498546294736,0.0814118584227211,0.640740016470461,36,9,1,1009,CV1_PAK,PAK
PtHt,PAK_2020,PAK,0.310361731695313,0.31482382735357,0.825416300337821,57,9,1,1009,CV1_PAK,PAK
PtHt,PAK_2021,PAK,0.284330371764102,0.228722388920332,0.754179464009724,50,9,1,1009,CV1_PAK,PAK
PtHt,PAK_2019,PAK,0.0473149932470672,0.0260838253074691,0.716209355417,32,9,2,1009,CV1_PAK,PAK
PtHt,PAK_2020,PAK,0.40628216647427,0.396299766425834,0.74349878896985,59,9,2,1009,CV1_PAK,PAK
PtHt,PAK_2021,PAK,0.359060733546764,0.367871017248825,0.717973601048903,48,9,2,1009,CV1_PAK,PAK
PtHt,PAK_2019,PAK,0.256931729044286,0.0266731562432586,0.789539967073857,42,9,3,1009,CV1_PAK,PAK
PtHt,PAK_2020,PAK,0.331595396150674,0.201919595092195,0.699643112960866,53,9,3,1009,CV1_PAK,PAK
PtHt,PAK_2021,PAK,0.0467920285512943,-0.0052660153250318,0.78073386481918,48,9,3,1009,CV1_PAK,PAK
PtHt,PAK_2019,PAK,0.156067168953071,-0.0249226632381707,0.746960191368894,41,9,4,1009,CV1_PAK,PAK
PtHt,PAK_2020,PAK,0.514721658817257,0.412376092475775,0.82710988994631,56,9,4,1009,CV1_PAK,PAK
PtHt,PAK_2021,PAK,0.551075791706909,0.486034819087285,0.859523808737955,47,9,4,1009,CV1_PAK,PAK
PtHt,PAK_2019,PAK,0.44225426373461,0.386351420316259,0.752767686874738,38,9,5,1009,CV1_PAK,PAK
PtHt,PAK_2020,PAK,0.588674901547297,0.526240734478774,0.88031193497312,57,9,5,1009,CV1_PAK,PAK
PtHt,PAK_2021,PAK,0.350173123867511,0.329361341643801,0.808768475444261,49,9,5,1009,CV1_PAK,PAK
PtHt,PAK_2019,PAK,0.319016774658183,0.294758385160019,0.786531299525906,44,10,1,1010,CV1_PAK,PAK
PtHt,PAK_2020,PAK,0.615723440380094,0.566185803550922,0.852563669221261,57,10,1,1010,CV1_PAK,PAK
PtHt,PAK_2021,PAK,0.489830325500049,0.315015869475047,0.7797039667538,50,10,1,1010,CV1_PAK,PAK
PtHt,PAK_2019,PAK,-0.0234575872141688,-0.125217088120809,0.634538727271798,40,10,2,1010,CV1_PAK,PAK
PtHt,PAK_2020,PAK,0.386414554352624,0.33193164333007,0.820728758058773,56,10,2,1010,CV1_PAK,PAK
PtHt,PAK_2021,PAK,0.15469979813939,0.265363741327376,0.763846409411718,48,10,2,1010,CV1_PAK,PAK
PtHt,PAK_2019,PAK,-0.073932920670346,-0.0732903305591058,0.63861726590635,30,10,3,1010,CV1_PAK,PAK
PtHt,PAK_2020,PAK,0.575320799121689,0.447178990056374,0.845129620073086,55,10,3,1010,CV1_PAK,PAK
PtHt,PAK_2021,PAK,0.496038765893475,0.326682426270695,0.885287309522021,48,10,3,1010,CV1_PAK,PAK
PtHt,PAK_2019,PAK,0.241846019902052,0.248583942327761,0.821010815707009,36,10,4,1010,CV1_PAK,PAK
PtHt,PAK_2020,PAK,0.321142324247954,0.239793853741204,0.675747631454906,57,10,4,1010,CV1_PAK,PAK
PtHt,PAK_2021,PAK,0.284707857929193,0.202695622032637,0.828595349660052,46,10,4,1010,CV1_PAK,PAK
PtHt,PAK_2019,PAK,0.334457084611471,0.165172945769329,0.785559691000466,39,10,5,1010,CV1_PAK,PAK
PtHt,PAK_2020,PAK,0.261962265356315,0.350187997238578,0.829316144910554,57,10,5,1010,CV1_PAK,PAK
PtHt,PAK_2021,PAK,0.383171327151628,0.418742059329414,0.848933747780541,50,10,5,1010,CV1_PAK,PAK
PtHt,PAK_2019,PAK,0.409616350300945,0.330113442211833,0.825086324052988,36,11,1,1011,CV1_PAK,PAK
PtHt,PAK_2020,PAK,0.478264895049425,0.408424983247679,0.842507796590292,56,11,1,1011,CV1_PAK,PAK
PtHt,PAK_2021,PAK,0.535482120094418,0.389904015559804,0.877343197425296,47,11,1,1011,CV1_PAK,PAK
PtHt,PAK_2019,PAK,-0.0283447231447479,-0.0597821407513866,0.631872417659796,41,11,2,1011,CV1_PAK,PAK
PtHt,PAK_2020,PAK,0.290292751449869,0.207491198740692,0.696497075173366,59,11,2,1011,CV1_PAK,PAK
PtHt,PAK_2021,PAK,0.0194622286676175,0.0137818400536402,0.703054010281472,49,11,2,1011,CV1_PAK,PAK
PtHt,PAK_2019,PAK,0.0381621645283196,0.0018390037550408,0.583570673895373,33,11,3,1011,CV1_PAK,PAK
PtHt,PAK_2020,PAK,0.59580209279214,0.504473628559075,0.763343138359043,55,11,3,1011,CV1_PAK,PAK
PtHt,PAK_2021,PAK,0.28329801077961,0.138440244094525,0.652170384040403,48,11,3,1011,CV1_PAK,PAK
PtHt,PAK_2019,PAK,0.403304531542906,0.187796517340635,0.800475552942649,42,11,4,1011,CV1_PAK,PAK
PtHt,PAK_2020,PAK,0.390822536818269,0.36985506647751,0.851930412331658,56,11,4,1011,CV1_PAK,PAK
PtHt,PAK_2021,PAK,0.40919030508877,0.508779592574337,0.874421451887705,52,11,4,1011,CV1_PAK,PAK
PtHt,PAK_2019,PAK,0.312086757649534,0.284816204999829,0.845323961913467,37,11,5,1011,CV1_PAK,PAK
PtHt,PAK_2020,PAK,0.55596538634796,0.541706570237787,0.800174594479807,56,11,5,1011,CV1_PAK,PAK
PtHt,PAK_2021,PAK,0.558808390534718,0.494787505038166,0.820186426858746,46,11,5,1011,CV1_PAK,PAK
PtHt,PAK_2019,PAK,0.409426771192833,0.331854916268625,0.841782446396393,38,12,1,1012,CV1_PAK,PAK
PtHt,PAK_2020,PAK,0.40721076901984,0.366963373351433,0.828677297804847,59,12,1,1012,CV1_PAK,PAK
PtHt,PAK_2021,PAK,0.391038182327625,0.342128105039532,0.819927382922289,49,12,1,1012,CV1_PAK,PAK
PtHt,PAK_2019,PAK,-0.155413545424077,-0.166759485118061,0.598896556432067,30,12,2,1012,CV1_PAK,PAK
PtHt,PAK_2020,PAK,0.533802167896811,0.481545741152088,0.831543944002413,57,12,2,1012,CV1_PAK,PAK
PtHt,PAK_2021,PAK,0.179829894070888,0.090877013665075,0.801659155153462,48,12,2,1012,CV1_PAK,PAK
PtHt,PAK_2019,PAK,0.116208771016655,0.0969060051283735,0.665429050780345,40,12,3,1012,CV1_PAK,PAK
PtHt,PAK_2020,PAK,0.368107510659159,0.336849711352471,0.695584815633869,56,12,3,1012,CV1_PAK,PAK
PtHt,PAK_2021,PAK,0.497546861868217,0.452919310040454,0.863697610712799,48,12,3,1012,CV1_PAK,PAK
PtHt,PAK_2019,PAK,0.264363962580706,0.182690529155373,0.704151517268696,43,12,4,1012,CV1_PAK,PAK
PtHt,PAK_2020,PAK,0.418549496548925,0.476238345890275,0.864658775573049,57,12,4,1012,CV1_PAK,PAK
PtHt,PAK_2021,PAK,0.118026236193953,0.163184080929771,0.822755243738793,49,12,4,1012,CV1_PAK,PAK
PtHt,PAK_2019,PAK,0.279471816482855,0.293348007507593,0.862011793872597,38,12,5,1012,CV1_PAK,PAK
PtHt,PAK_2020,PAK,0.410277847529182,0.43375493009007,0.775456179673957,53,12,5,1012,CV1_PAK,PAK
PtHt,PAK_2021,PAK,0.566494305616637,0.291639529134751,0.688062705384913,48,12,5,1012,CV1_PAK,PAK
PtHt,PAK_2019,PAK,0.0817405500854665,-0.0150589915906859,0.785590573717644,37,13,1,1013,CV1_PAK,PAK
PtHt,PAK_2020,PAK,0.47594988555704,0.367508351395564,0.765409004649448,57,13,1,1013,CV1_PAK,PAK
PtHt,PAK_2021,PAK,0.307675387837134,0.124789986868316,0.765827669688679,45,13,1,1013,CV1_PAK,PAK
PtHt,PAK_2019,PAK,0.17966226539075,0.116199094852329,0.753304457570524,34,13,2,1013,CV1_PAK,PAK
PtHt,PAK_2020,PAK,0.554346350069329,0.474341123051754,0.883878926764336,57,13,2,1013,CV1_PAK,PAK
PtHt,PAK_2021,PAK,0.632464673130935,0.49739761400304,0.837556520500272,51,13,2,1013,CV1_PAK,PAK
PtHt,PAK_2019,PAK,-0.0313883676719879,-0.229508721404153,0.684954602727976,38,13,3,1013,CV1_PAK,PAK
PtHt,PAK_2020,PAK,0.225989342091659,0.161058702809074,0.688797382561142,56,13,3,1013,CV1_PAK,PAK
PtHt,PAK_2021,PAK,0.0897268963788999,0.109630997656699,0.816044172988982,49,13,3,1013,CV1_PAK,PAK
PtHt,PAK_2019,PAK,0.117992092776871,0.122417993029975,0.623695805888258,39,13,4,1013,CV1_PAK,PAK
PtHt,PAK_2020,PAK,0.504970390004008,0.518298228811775,0.875491773089667,56,13,4,1013,CV1_PAK,PAK
PtHt,PAK_2021,PAK,0.371013901775323,0.452418833815046,0.794026312038026,47,13,4,1013,CV1_PAK,PAK
PtHt,PAK_2019,PAK,0.504896013321733,0.357684706028857,0.815019544947025,41,13,5,1013,CV1_PAK,PAK
PtHt,PAK_2020,PAK,0.363037235125416,0.424654740344174,0.769332942409331,56,13,5,1013,CV1_PAK,PAK
PtHt,PAK_2021,PAK,0.345024615815785,0.290702994691398,0.786646590214284,50,13,5,1013,CV1_PAK,PAK
PtHt,PAK_2019,PAK,0.154516871587236,0.290784130169601,0.745596843648833,34,14,1,1014,CV1_PAK,PAK
PtHt,PAK_2020,PAK,0.704164776315237,0.656407308745596,0.850769242380126,55,14,1,1014,CV1_PAK,PAK
PtHt,PAK_2021,PAK,0.569818190680638,0.568850685200749,0.923808846562739,44,14,1,1014,CV1_PAK,PAK
PtHt,PAK_2019,PAK,0.101309099944148,-0.0339056979346184,0.599701842729311,41,14,2,1014,CV1_PAK,PAK
PtHt,PAK_2020,PAK,0.199974399437593,0.315910118978449,0.817716896205839,56,14,2,1014,CV1_PAK,PAK
PtHt,PAK_2021,PAK,0.240611860866833,0.367920476801137,0.896000988158572,50,14,2,1014,CV1_PAK,PAK
PtHt,PAK_2019,PAK,0.387519433607525,0.198927115418701,0.794308745483817,38,14,3,1014,CV1_PAK,PAK
PtHt,PAK_2020,PAK,0.536559475950446,0.528435439230849,0.762736697798053,56,14,3,1014,CV1_PAK,PAK
PtHt,PAK_2021,PAK,0.410981670203507,0.299162714154694,0.744961887343208,51,14,3,1014,CV1_PAK,PAK
PtHt,PAK_2019,PAK,0.165828206676747,0.0813778991447797,0.832364657226401,40,14,4,1014,CV1_PAK,PAK
PtHt,PAK_2020,PAK,0.317871805831326,0.199513780110534,0.763471473960367,57,14,4,1014,CV1_PAK,PAK
PtHt,PAK_2021,PAK,0.201652650908527,0.17516861423315,0.717202960043734,51,14,4,1014,CV1_PAK,PAK
PtHt,PAK_2019,PAK,0.237771397621365,0.19690924880645,0.62188047796244,36,14,5,1014,CV1_PAK,PAK
PtHt,PAK_2020,PAK,0.34399837515147,0.288738472609617,0.81978711407991,58,14,5,1014,CV1_PAK,PAK
PtHt,PAK_2021,PAK,0.339726049413641,0.232652811244035,0.76473319916807,46,14,5,1014,CV1_PAK,PAK
PtHt,PAK_2019,PAK,0.254980390296476,0.135597345554871,0.755486171374517,42,15,1,1015,CV1_PAK,PAK
PtHt,PAK_2020,PAK,0.474249073864447,0.454859343689681,0.826211127871663,56,15,1,1015,CV1_PAK,PAK
PtHt,PAK_2021,PAK,0.408683553769251,0.322810075053352,0.770995399809998,48,15,1,1015,CV1_PAK,PAK
PtHt,PAK_2019,PAK,-0.0551688492194067,-0.0087992668756246,0.767369356513993,32,15,2,1015,CV1_PAK,PAK
PtHt,PAK_2020,PAK,0.583907477243048,0.481154731197717,0.860409863911321,55,15,2,1015,CV1_PAK,PAK
PtHt,PAK_2021,PAK,0.571076060593888,0.446079104710825,0.815945967856486,48,15,2,1015,CV1_PAK,PAK
PtHt,PAK_2019,PAK,0.0556816562832156,-0.0080751209306454,0.684977061245646,40,15,3,1015,CV1_PAK,PAK
PtHt,PAK_2020,PAK,0.456074847370922,0.390366485267278,0.797067566362016,56,15,3,1015,CV1_PAK,PAK
PtHt,PAK_2021,PAK,0.344184036509651,0.309587142118818,0.732952792254434,47,15,3,1015,CV1_PAK,PAK
PtHt,PAK_2019,PAK,0.433480649908033,0.312729969034411,0.855217672211535,37,15,4,1015,CV1_PAK,PAK
PtHt,PAK_2020,PAK,0.298863160587135,0.234970161132252,0.695365820334768,58,15,4,1015,CV1_PAK,PAK
PtHt,PAK_2021,PAK,0.304529559190049,0.178125877502097,0.826494469321742,49,15,4,1015,CV1_PAK,PAK
PtHt,PAK_2019,PAK,0.187998830030077,0.112382995288156,0.795831156327853,38,15,5,1015,CV1_PAK,PAK
PtHt,PAK_2020,PAK,0.470512782659538,0.420445185045993,0.920792852745472,57,15,5,1015,CV1_PAK,PAK
PtHt,PAK_2021,PAK,0.26479809662131,0.248613087759698,0.890065184070478,50,15,5,1015,CV1_PAK,PAK
SdLen,AUS_2018,AUS,0.499447199919068,0.503272459591334,0.88525268167361,101,1,1,1001,CV1_AUS,AUS
SdLen,AUS_2019,AUS,0.328551197708102,0.394280415020046,0.735292410409571,41,1,1,1001,CV1_AUS,AUS
SdLen,AUS_2018,AUS,0.579723720152058,0.60385882312638,0.871051490176059,89,1,2,1001,CV1_AUS,AUS
SdLen,AUS_2019,AUS,0.38231839715786,0.352610972437879,0.747455284404224,51,1,2,1001,CV1_AUS,AUS
SdLen,AUS_2018,AUS,0.46544195443695,0.511093522372003,0.754518947583546,94,1,3,1001,CV1_AUS,AUS
SdLen,AUS_2019,AUS,0.38976629435813,0.280277790030575,0.764221695632637,50,1,3,1001,CV1_AUS,AUS
SdLen,AUS_2018,AUS,0.465954309223353,0.451981099152443,0.863930888803505,98,1,4,1001,CV1_AUS,AUS
SdLen,AUS_2019,AUS,0.428090902507522,0.470507974279789,0.802762190055334,42,1,4,1001,CV1_AUS,AUS
SdLen,AUS_2018,AUS,0.450856484811029,0.512131329654413,0.803116006097066,96,1,5,1001,CV1_AUS,AUS
SdLen,AUS_2019,AUS,0.168860269075414,0.193262803333418,0.605931984881488,48,1,5,1001,CV1_AUS,AUS
SdLen,AUS_2018,AUS,0.388455615951711,0.419419269333998,0.820041069629543,93,2,1,1002,CV1_AUS,AUS
SdLen,AUS_2019,AUS,0.324078863624959,0.299451151938007,0.729576233151256,52,2,1,1002,CV1_AUS,AUS
SdLen,AUS_2018,AUS,0.55978524346012,0.564832499105481,0.88543754792295,101,2,2,1002,CV1_AUS,AUS
SdLen,AUS_2019,AUS,0.53623036600673,0.4929631834508,0.879442672083654,42,2,2,1002,CV1_AUS,AUS
SdLen,AUS_2018,AUS,0.547279732459103,0.57029487337515,0.891527531580265,100,2,3,1002,CV1_AUS,AUS
SdLen,AUS_2019,AUS,0.474940544930864,0.412599615351022,0.845798616273059,38,2,3,1002,CV1_AUS,AUS
SdLen,AUS_2018,AUS,0.502615163671853,0.515776540003054,0.76203235416724,94,2,4,1002,CV1_AUS,AUS
SdLen,AUS_2019,AUS,0.203433890495258,0.154566445349408,0.64732995562257,53,2,4,1002,CV1_AUS,AUS
SdLen,AUS_2018,AUS,0.49061662306224,0.569256340991888,0.718030335973376,90,2,5,1002,CV1_AUS,AUS
SdLen,AUS_2019,AUS,0.316706705549434,0.344735984349204,0.633471098706853,47,2,5,1002,CV1_AUS,AUS
SdLen,AUS_2018,AUS,0.497390487539713,0.526029148616644,0.796301602534151,98,3,1,1003,CV1_AUS,AUS
SdLen,AUS_2019,AUS,0.229384963866818,0.218718576375535,0.655939049649153,50,3,1,1003,CV1_AUS,AUS
SdLen,AUS_2018,AUS,0.541809488450524,0.527511481648936,0.903085364902054,95,3,2,1003,CV1_AUS,AUS
SdLen,AUS_2019,AUS,0.272372372229356,0.231219678221939,0.752089438286136,44,3,2,1003,CV1_AUS,AUS
SdLen,AUS_2018,AUS,0.537271459946518,0.568625398556276,0.85521613799545,97,3,3,1003,CV1_AUS,AUS
SdLen,AUS_2019,AUS,0.357149830018523,0.267161153206512,0.695911787771711,41,3,3,1003,CV1_AUS,AUS
SdLen,AUS_2018,AUS,0.580169932108828,0.603690222611549,0.806330323429645,91,3,4,1003,CV1_AUS,AUS
SdLen,AUS_2019,AUS,0.550086898963093,0.616968270689655,0.803367534564962,48,3,4,1003,CV1_AUS,AUS
SdLen,AUS_2018,AUS,0.377949346322988,0.441712686913455,0.715958215127767,97,3,5,1003,CV1_AUS,AUS
SdLen,AUS_2019,AUS,0.405852581791183,0.419537003916776,0.704218610286252,49,3,5,1003,CV1_AUS,AUS
SdLen,AUS_2018,AUS,0.381801094115462,0.492145439828004,0.731002789248672,93,4,1,1004,CV1_AUS,AUS
SdLen,AUS_2019,AUS,0.173030245955283,0.207455801439041,0.654098384515041,50,4,1,1004,CV1_AUS,AUS
SdLen,AUS_2018,AUS,0.591259580438809,0.565100321815098,0.900699864151893,92,4,2,1004,CV1_AUS,AUS
SdLen,AUS_2019,AUS,0.460881500481727,0.376681818768342,0.80301208509372,51,4,2,1004,CV1_AUS,AUS
SdLen,AUS_2018,AUS,0.633580046731847,0.66187129837096,0.896408509258087,97,4,3,1004,CV1_AUS,AUS
SdLen,AUS_2019,AUS,0.546085727202622,0.526723358476394,0.846914354983933,42,4,3,1004,CV1_AUS,AUS
SdLen,AUS_2018,AUS,0.54093513631186,0.561510216676419,0.779118582294637,103,4,4,1004,CV1_AUS,AUS
SdLen,AUS_2019,AUS,0.326063959001369,0.366026044149789,0.70237539963432,50,4,4,1004,CV1_AUS,AUS
SdLen,AUS_2018,AUS,0.43457926684769,0.415959051109253,0.872082388277967,93,4,5,1004,CV1_AUS,AUS
SdLen,AUS_2019,AUS,0.385768765487324,0.390236576182388,0.745815851302994,39,4,5,1004,CV1_AUS,AUS
SdLen,AUS_2018,AUS,0.423987582827651,0.47379932861533,0.780892051614103,98,5,1,1005,CV1_AUS,AUS
SdLen,AUS_2019,AUS,0.261949160739043,0.312206311783986,0.709025586502007,53,5,1,1005,CV1_AUS,AUS
SdLen,AUS_2018,AUS,0.725086755500818,0.732540267089338,0.957966652031602,92,5,2,1005,CV1_AUS,AUS
SdLen,AUS_2019,AUS,0.635192680123007,0.553938187642071,0.847240055699855,56,5,2,1005,CV1_AUS,AUS
SdLen,AUS_2018,AUS,0.435768202460945,0.444264598964989,0.864133063712767,92,5,3,1005,CV1_AUS,AUS
SdLen,AUS_2019,AUS,0.406661625385178,0.388967988258448,0.750575256899885,42,5,3,1005,CV1_AUS,AUS
SdLen,AUS_2018,AUS,0.454957324115176,0.484501479178378,0.762849454472458,99,5,4,1005,CV1_AUS,AUS
SdLen,AUS_2019,AUS,0.272495715826267,0.323538553388518,0.690710759781447,39,5,4,1005,CV1_AUS,AUS
SdLen,AUS_2018,AUS,0.553061506830916,0.594912712093,0.755389351739311,97,5,5,1005,CV1_AUS,AUS
SdLen,AUS_2019,AUS,0.144280111799719,0.16513853533531,0.581828196218895,42,5,5,1005,CV1_AUS,AUS
SdLen,AUS_2018,AUS,0.453503773266342,0.545792972156739,0.83617310572331,96,6,1,1006,CV1_AUS,AUS
SdLen,AUS_2019,AUS,0.41485608596287,0.464337336250767,0.763285982172275,52,6,1,1006,CV1_AUS,AUS
SdLen,AUS_2018,AUS,0.397920388425784,0.401926616653116,0.777288838052291,89,6,2,1006,CV1_AUS,AUS
SdLen,AUS_2019,AUS,0.364266501102609,0.358213541500599,0.697457729744639,40,6,2,1006,CV1_AUS,AUS
SdLen,AUS_2018,AUS,0.55790898346028,0.575174452282832,0.793245855805705,100,6,3,1006,CV1_AUS,AUS
SdLen,AUS_2019,AUS,0.386570251178866,0.332099462114039,0.628490083215435,55,6,3,1006,CV1_AUS,AUS
SdLen,AUS_2018,AUS,0.450208929319074,0.464099994790493,0.866096776888793,98,6,4,1006,CV1_AUS,AUS
SdLen,AUS_2019,AUS,0.198319831165191,0.233046592577129,0.725014528843821,49,6,4,1006,CV1_AUS,AUS
SdLen,AUS_2018,AUS,0.670583631899986,0.688147696002686,0.898228031430229,95,6,5,1006,CV1_AUS,AUS
SdLen,AUS_2019,AUS,0.444553412999969,0.342942673748607,0.819947761325876,36,6,5,1006,CV1_AUS,AUS
SdLen,AUS_2018,AUS,0.496094580752695,0.566014561522245,0.801523656378434,92,7,1,1007,CV1_AUS,AUS
SdLen,AUS_2019,AUS,0.416432564237098,0.424251790767389,0.763275106627612,39,7,1,1007,CV1_AUS,AUS
SdLen,AUS_2018,AUS,0.583200106072829,0.585169507606811,0.842722498333826,99,7,2,1007,CV1_AUS,AUS
SdLen,AUS_2019,AUS,0.343736024794429,0.282422020539567,0.720622379367734,42,7,2,1007,CV1_AUS,AUS
SdLen,AUS_2018,AUS,0.513994825415989,0.483844504950004,0.870694517990999,98,7,3,1007,CV1_AUS,AUS
SdLen,AUS_2019,AUS,0.445294155175775,0.473559646749976,0.822793885520129,52,7,3,1007,CV1_AUS,AUS
SdLen,AUS_2018,AUS,0.415942575866073,0.508203028914204,0.853012140454659,94,7,4,1007,CV1_AUS,AUS
SdLen,AUS_2019,AUS,0.384803844095436,0.381641703843792,0.699778025525028,55,7,4,1007,CV1_AUS,AUS
SdLen,AUS_2018,AUS,0.592004827242939,0.570469175848111,0.857480259480142,95,7,5,1007,CV1_AUS,AUS
SdLen,AUS_2019,AUS,0.227853810358852,0.271646862491932,0.679558809678194,44,7,5,1007,CV1_AUS,AUS
SdLen,AUS_2018,AUS,0.57084395034881,0.600736889772619,0.872981816788552,97,8,1,1008,CV1_AUS,AUS
SdLen,AUS_2019,AUS,0.323367362834721,0.314833164108606,0.723759302377664,51,8,1,1008,CV1_AUS,AUS
SdLen,AUS_2018,AUS,0.377001689546936,0.368556945704168,0.879930916799673,91,8,2,1008,CV1_AUS,AUS
SdLen,AUS_2019,AUS,0.329856001317268,0.335739564824089,0.741481877597298,43,8,2,1008,CV1_AUS,AUS
SdLen,AUS_2018,AUS,0.385264449303446,0.444709344013206,0.719879342799593,100,8,3,1008,CV1_AUS,AUS
SdLen,AUS_2019,AUS,0.0752098503755044,0.217797172746559,0.560316243581768,43,8,3,1008,CV1_AUS,AUS
SdLen,AUS_2018,AUS,0.618280163525585,0.601303632403649,0.798059945408922,93,8,4,1008,CV1_AUS,AUS
SdLen,AUS_2019,AUS,0.469870331239554,0.504505807096186,0.708261444875384,55,8,4,1008,CV1_AUS,AUS
SdLen,AUS_2018,AUS,0.614416848564503,0.594935188137216,0.735035942135115,97,8,5,1008,CV1_AUS,AUS
SdLen,AUS_2019,AUS,0.552750664361179,0.439833069788083,0.875848091943841,40,8,5,1008,CV1_AUS,AUS
SdLen,AUS_2018,AUS,0.419152837110124,0.456305816697281,0.814078007627515,94,9,1,1009,CV1_AUS,AUS
SdLen,AUS_2019,AUS,0.325767391166224,0.343330799624365,0.647984063372844,48,9,1,1009,CV1_AUS,AUS
SdLen,AUS_2018,AUS,0.35894323523669,0.374974638152399,0.685996383518148,100,9,2,1009,CV1_AUS,AUS
SdLen,AUS_2019,AUS,0.234165496600935,0.23813407489798,0.764110265376302,42,9,2,1009,CV1_AUS,AUS
SdLen,AUS_2018,AUS,0.546727445309099,0.578200725724775,0.902646632875058,91,9,3,1009,CV1_AUS,AUS
SdLen,AUS_2019,AUS,0.33466888507133,0.379724406470772,0.702235723159746,49,9,3,1009,CV1_AUS,AUS
SdLen,AUS_2018,AUS,0.575676985601798,0.58221497571084,0.823484570305224,99,9,4,1009,CV1_AUS,AUS
SdLen,AUS_2019,AUS,0.369243784328129,0.271807133131987,0.783306670472985,44,9,4,1009,CV1_AUS,AUS
SdLen,AUS_2018,AUS,0.599625080395151,0.619774598379109,0.879949253774287,94,9,5,1009,CV1_AUS,AUS
SdLen,AUS_2019,AUS,0.419182795437724,0.406035512292432,0.725262031477285,49,9,5,1009,CV1_AUS,AUS
SdLen,AUS_2018,AUS,0.534240625618033,0.575699922835107,0.803014130558034,95,10,1,1010,CV1_AUS,AUS
SdLen,AUS_2019,AUS,0.297778601825248,0.240723572816232,0.664723010963998,42,10,1,1010,CV1_AUS,AUS
SdLen,AUS_2018,AUS,0.551046313141761,0.541199116560923,0.92834330228029,97,10,2,1010,CV1_AUS,AUS
SdLen,AUS_2019,AUS,0.308128855959948,0.282004515194471,0.803093415271461,44,10,2,1010,CV1_AUS,AUS
SdLen,AUS_2018,AUS,0.314990720751214,0.383048211095747,0.704235975823155,102,10,3,1010,CV1_AUS,AUS
SdLen,AUS_2019,AUS,0.0385604677435395,0.0870139741215795,0.53080696908355,45,10,3,1010,CV1_AUS,AUS
SdLen,AUS_2018,AUS,0.54703751378015,0.559787246237643,0.846937154346293,91,10,4,1010,CV1_AUS,AUS
SdLen,AUS_2019,AUS,0.610794728510314,0.628755587552465,0.865722215980863,48,10,4,1010,CV1_AUS,AUS
SdLen,AUS_2018,AUS,0.570108871976008,0.539105801541531,0.803431310105174,93,10,5,1010,CV1_AUS,AUS
SdLen,AUS_2019,AUS,0.472778492750869,0.470733247727191,0.7777688963326,53,10,5,1010,CV1_AUS,AUS
SdLen,AUS_2018,AUS,0.375325575211279,0.437910673055097,0.694862436349131,90,11,1,1011,CV1_AUS,AUS
SdLen,AUS_2019,AUS,0.310262586817848,0.303727386480578,0.739352305676431,57,11,1,1011,CV1_AUS,AUS
SdLen,AUS_2018,AUS,0.518847804543656,0.515897571103646,0.902009836575682,105,11,2,1011,CV1_AUS,AUS
SdLen,AUS_2019,AUS,0.331034448536799,0.322681486998271,0.747496929026048,50,11,2,1011,CV1_AUS,AUS
SdLen,AUS_2018,AUS,0.46478260417854,0.489374061555574,0.899324321085115,98,11,3,1011,CV1_AUS,AUS
SdLen,AUS_2019,AUS,0.295061487491949,0.335390097623771,0.785423451988575,42,11,3,1011,CV1_AUS,AUS
SdLen,AUS_2018,AUS,0.576989260453246,0.602044912546086,0.761917813958578,88,11,4,1011,CV1_AUS,AUS
SdLen,AUS_2019,AUS,0.400498598551249,0.408026165372988,0.693443826999582,43,11,4,1011,CV1_AUS,AUS
SdLen,AUS_2018,AUS,0.566783814681704,0.620807042931943,0.856847486407061,97,11,5,1011,CV1_AUS,AUS
SdLen,AUS_2019,AUS,0.363580986840164,0.374953944430156,0.726980251820514,40,11,5,1011,CV1_AUS,AUS
SdLen,AUS_2018,AUS,0.519978409848758,0.533699891196902,0.611665633270218,99,12,1,1012,CV1_AUS,AUS
SdLen,AUS_2019,AUS,0.402055686564153,0.419728126160098,0.61317666780819,43,12,1,1012,CV1_AUS,AUS
SdLen,AUS_2018,AUS,0.523289371464746,0.547336314902673,0.831875843974811,93,12,2,1012,CV1_AUS,AUS
SdLen,AUS_2019,AUS,0.364559446452384,0.393288348833822,0.690841197128538,51,12,2,1012,CV1_AUS,AUS
SdLen,AUS_2018,AUS,0.440047194814723,0.452948586361697,0.856565175981852,92,12,3,1012,CV1_AUS,AUS
SdLen,AUS_2019,AUS,0.440491510630149,0.460033989676163,0.811539786225158,48,12,3,1012,CV1_AUS,AUS
SdLen,AUS_2018,AUS,0.484238855423517,0.534053354077665,0.779890374795014,97,12,4,1012,CV1_AUS,AUS
SdLen,AUS_2019,AUS,0.151627531662441,0.22387511025158,0.602962040715639,47,12,4,1012,CV1_AUS,AUS
SdLen,AUS_2018,AUS,0.552484620781451,0.565723185075577,0.904830871947124,97,12,5,1012,CV1_AUS,AUS
SdLen,AUS_2019,AUS,0.368118100581254,0.429483657439928,0.81734726757869,43,12,5,1012,CV1_AUS,AUS
SdLen,AUS_2018,AUS,0.537159054234109,0.545854853594575,0.872988711425909,92,13,1,1013,CV1_AUS,AUS
SdLen,AUS_2019,AUS,0.419613703022079,0.381498306881984,0.783699189278756,48,13,1,1013,CV1_AUS,AUS
SdLen,AUS_2018,AUS,0.489665676160016,0.479756313441828,0.801326957336309,99,13,2,1013,CV1_AUS,AUS
SdLen,AUS_2019,AUS,0.248827846277705,0.257662641384728,0.753779832006482,39,13,2,1013,CV1_AUS,AUS
SdLen,AUS_2018,AUS,0.480744524181837,0.536926618731341,0.770738185935385,94,13,3,1013,CV1_AUS,AUS
SdLen,AUS_2019,AUS,0.25287039083151,0.29485438872336,0.589842374335166,50,13,3,1013,CV1_AUS,AUS
SdLen,AUS_2018,AUS,0.426016780303674,0.437029488286391,0.786735091628765,96,13,4,1013,CV1_AUS,AUS
SdLen,AUS_2019,AUS,0.289548251672127,0.337543615578114,0.68676938112377,51,13,4,1013,CV1_AUS,AUS
SdLen,AUS_2018,AUS,0.62638310979833,0.620862163930949,0.800335459447247,97,13,5,1013,CV1_AUS,AUS
SdLen,AUS_2019,AUS,0.501665933675067,0.425359861873697,0.829719174231408,44,13,5,1013,CV1_AUS,AUS
SdLen,AUS_2018,AUS,0.583126984869631,0.559344473582376,0.792649554871163,96,14,1,1014,CV1_AUS,AUS
SdLen,AUS_2019,AUS,0.325723609916006,0.280342316062033,0.785894064520007,46,14,1,1014,CV1_AUS,AUS
SdLen,AUS_2018,AUS,0.484591157772494,0.530098740706322,0.700936339808174,98,14,2,1014,CV1_AUS,AUS
SdLen,AUS_2019,AUS,0.279019798980041,0.230391393179445,0.65371918579776,43,14,2,1014,CV1_AUS,AUS
SdLen,AUS_2018,AUS,0.561916333249461,0.57043510817529,0.793184126596074,95,14,3,1014,CV1_AUS,AUS
SdLen,AUS_2019,AUS,0.535995140349197,0.598480964181229,0.86750016145411,43,14,3,1014,CV1_AUS,AUS
SdLen,AUS_2018,AUS,0.568749533419422,0.634190226324896,0.940264372969419,93,14,4,1014,CV1_AUS,AUS
SdLen,AUS_2019,AUS,0.395980048290759,0.464107133778958,0.734572722754107,49,14,4,1014,CV1_AUS,AUS
SdLen,AUS_2018,AUS,0.31115308821026,0.361836008489279,0.764909758254138,96,14,5,1014,CV1_AUS,AUS
SdLen,AUS_2019,AUS,0.22275052058376,0.257225873818876,0.674616042749924,51,14,5,1014,CV1_AUS,AUS
SdLen,AUS_2018,AUS,0.405016008102503,0.447667103663718,0.81947318522046,96,15,1,1015,CV1_AUS,AUS
SdLen,AUS_2019,AUS,0.176044697215627,0.247478422002626,0.67713082751036,39,15,1,1015,CV1_AUS,AUS
SdLen,AUS_2018,AUS,0.497041205114821,0.475879176205351,0.836900909194906,93,15,2,1015,CV1_AUS,AUS
SdLen,AUS_2019,AUS,0.484149401849201,0.505369472537678,0.801802278715704,51,15,2,1015,CV1_AUS,AUS
SdLen,AUS_2018,AUS,0.601293803039295,0.599846749721083,0.779792754241535,96,15,3,1015,CV1_AUS,AUS
SdLen,AUS_2019,AUS,0.425755792882101,0.398337757797791,0.68791702000281,45,15,3,1015,CV1_AUS,AUS
SdLen,AUS_2018,AUS,0.515949875646893,0.568708305401743,0.836906820287866,97,15,4,1015,CV1_AUS,AUS
SdLen,AUS_2019,AUS,0.419269633494711,0.394050131203725,0.793747658591485,47,15,4,1015,CV1_AUS,AUS
SdLen,AUS_2018,AUS,0.539368537446905,0.574916132933185,0.866089345444993,96,15,5,1015,CV1_AUS,AUS
SdLen,AUS_2019,AUS,0.166033238338421,0.176323668005185,0.678022320444356,50,15,5,1015,CV1_AUS,AUS
SdLen,PAK_2019,PAK,0.177093704408712,0.286655954487242,0.563318499452908,43,1,1,1001,CV1_PAK,PAK
SdLen,PAK_2020,PAK,0.0233183835916513,0.028613191558438,0.620002781254108,49,1,1,1001,CV1_PAK,PAK
SdLen,PAK_2021,PAK,0.268191610886174,0.28324385586126,0.796233459333381,47,1,1,1001,CV1_PAK,PAK
SdLen,PAK_2019,PAK,0.16087048955512,0.143066839587491,0.637794773298168,40,1,2,1001,CV1_PAK,PAK
SdLen,PAK_2020,PAK,0.228722374018906,0.258145600210309,0.547862122388325,48,1,2,1001,CV1_PAK,PAK
SdLen,PAK_2021,PAK,0.0253149682294686,0.0515862778505614,0.639825454118083,51,1,2,1001,CV1_PAK,PAK
SdLen,PAK_2019,PAK,-0.0208384153382489,-0.0122776578073947,0.540629375096233,45,1,3,1001,CV1_PAK,PAK
SdLen,PAK_2020,PAK,-0.0423533412958597,-0.181323236701847,0.792593703007359,46,1,3,1001,CV1_PAK,PAK
SdLen,PAK_2021,PAK,0.0370894638742536,-0.016217224025943,0.668307661176416,48,1,3,1001,CV1_PAK,PAK
SdLen,PAK_2019,PAK,0.0890344706144013,0.0534815723677407,0.76359867837983,38,1,4,1001,CV1_PAK,PAK
SdLen,PAK_2020,PAK,0.066377817176104,0.0590420176500969,0.611635126886957,47,1,4,1001,CV1_PAK,PAK
SdLen,PAK_2021,PAK,0.211278039061919,0.263573044914768,0.736463892017833,46,1,4,1001,CV1_PAK,PAK
SdLen,PAK_2019,PAK,-0.173364609670335,-0.143516568825679,0.477109218663904,33,1,5,1001,CV1_PAK,PAK
SdLen,PAK_2020,PAK,0.224358135894946,0.286534260562382,0.765492327304811,48,1,5,1001,CV1_PAK,PAK
SdLen,PAK_2021,PAK,0.208201973894413,0.182238319566816,0.722029468229299,47,1,5,1001,CV1_PAK,PAK
SdLen,PAK_2019,PAK,0.336041471368367,0.303344429986851,0.635758844358214,41,2,1,1002,CV1_PAK,PAK
SdLen,PAK_2020,PAK,0.0121878336723912,0.0834331036671107,0.766220321299571,50,2,1,1002,CV1_PAK,PAK
SdLen,PAK_2021,PAK,0.282566730947713,0.22070400242716,0.71093238868403,52,2,1,1002,CV1_PAK,PAK
SdLen,PAK_2019,PAK,0.138267084746537,0.0760527673911791,0.437240527752977,32,2,2,1002,CV1_PAK,PAK
SdLen,PAK_2020,PAK,0.225209862928934,0.20531667852849,0.573133933577008,45,2,2,1002,CV1_PAK,PAK
SdLen,PAK_2021,PAK,0.0724907604929157,0.108919150342065,0.631657302567437,48,2,2,1002,CV1_PAK,PAK
SdLen,PAK_2019,PAK,-0.0268596653044962,0.0467665541351845,0.738446442159764,35,2,3,1002,CV1_PAK,PAK
SdLen,PAK_2020,PAK,0.226639440160083,0.0810392056283849,0.861039657376052,43,2,3,1002,CV1_PAK,PAK
SdLen,PAK_2021,PAK,-0.253006271249131,-0.136345616624342,0.559259608177733,48,2,3,1002,CV1_PAK,PAK
SdLen,PAK_2019,PAK,0.0104148533578092,-0.008389515709304,0.460229957303043,45,2,4,1002,CV1_PAK,PAK
SdLen,PAK_2020,PAK,0.200500845729118,0.214172232089069,0.473827771488363,53,2,4,1002,CV1_PAK,PAK
SdLen,PAK_2021,PAK,0.307892229481771,0.263205267949721,0.819500042611834,45,2,4,1002,CV1_PAK,PAK
SdLen,PAK_2019,PAK,0.0046645589607972,0.0733714367900575,0.504319810021807,46,2,5,1002,CV1_PAK,PAK
SdLen,PAK_2020,PAK,0.160062874624297,0.163854723898879,0.594931125795462,47,2,5,1002,CV1_PAK,PAK
SdLen,PAK_2021,PAK,0.3399186533996,0.38516479838139,0.852101386749402,46,2,5,1002,CV1_PAK,PAK
SdLen,PAK_2019,PAK,0.0092499472242838,0.0244676892031518,0.576172248816142,42,3,1,1003,CV1_PAK,PAK
SdLen,PAK_2020,PAK,0.100554455320498,0.0595221205605307,0.69256055146095,53,3,1,1003,CV1_PAK,PAK
SdLen,PAK_2021,PAK,0.0638772226719372,-0.0118350686194318,0.627221645007601,51,3,1,1003,CV1_PAK,PAK
SdLen,PAK_2019,PAK,-0.113637714585956,-0.0782806142099025,0.494687747842265,44,3,2,1003,CV1_PAK,PAK
SdLen,PAK_2020,PAK,0.234596354768443,0.246634079761667,0.546637142733253,50,3,2,1003,CV1_PAK,PAK
SdLen,PAK_2021,PAK,0.294647476883853,0.297036664836604,0.588311503564163,46,3,2,1003,CV1_PAK,PAK
SdLen,PAK_2019,PAK,0.0822659749014263,0.0954314527722856,0.561769125299201,39,3,3,1003,CV1_PAK,PAK
SdLen,PAK_2020,PAK,0.139060883367128,0.0701904117002362,0.756844476953196,49,3,3,1003,CV1_PAK,PAK
SdLen,PAK_2021,PAK,0.244508016072282,0.2236703287376,0.829752644434488,45,3,3,1003,CV1_PAK,PAK
SdLen,PAK_2019,PAK,0.136791030200643,0.228687002716304,0.797474422511575,37,3,4,1003,CV1_PAK,PAK
SdLen,PAK_2020,PAK,0.103680681132957,0.150330849687399,0.905209456685705,44,3,4,1003,CV1_PAK,PAK
SdLen,PAK_2021,PAK,-0.128782553165341,-0.0517125570412398,0.670610877526951,47,3,4,1003,CV1_PAK,PAK
SdLen,PAK_2019,PAK,0.265329389224667,0.253640890348383,0.685279839945805,37,3,5,1003,CV1_PAK,PAK
SdLen,PAK_2020,PAK,-0.0066676277903785,0.130990876704346,0.484620101117196,42,3,5,1003,CV1_PAK,PAK
SdLen,PAK_2021,PAK,0.184059882034567,0.25459282447826,0.838453154249922,50,3,5,1003,CV1_PAK,PAK
SdLen,PAK_2019,PAK,0.161170598927476,0.0029117573777467,0.507602538121594,40,4,1,1004,CV1_PAK,PAK
SdLen,PAK_2020,PAK,0.160965950849481,0.125941990155385,0.469889722779318,47,4,1,1004,CV1_PAK,PAK
SdLen,PAK_2021,PAK,0.0190792272039243,0.104092758224006,0.579047947897629,50,4,1,1004,CV1_PAK,PAK
SdLen,PAK_2019,PAK,-0.196815789369265,-0.12165533092888,0.545860754168561,41,4,2,1004,CV1_PAK,PAK
SdLen,PAK_2020,PAK,0.258699370399848,0.27360309589093,0.712841218294705,49,4,2,1004,CV1_PAK,PAK
SdLen,PAK_2021,PAK,0.300930808476187,0.33499502448586,0.749701449831272,48,4,2,1004,CV1_PAK,PAK
SdLen,PAK_2019,PAK,0.215609094205857,0.286385151845355,0.630471436095735,39,4,3,1004,CV1_PAK,PAK
SdLen,PAK_2020,PAK,0.007332480268498,-0.0426791455108709,0.762569289138373,48,4,3,1004,CV1_PAK,PAK
SdLen,PAK_2021,PAK,0.273558098493496,0.212920617259912,0.716939053947258,47,4,3,1004,CV1_PAK,PAK
SdLen,PAK_2019,PAK,-0.0863590115511478,-0.0182897023614938,0.548438905922513,46,4,4,1004,CV1_PAK,PAK
SdLen,PAK_2020,PAK,0.120777981768985,0.235259874456523,0.733538230222799,47,4,4,1004,CV1_PAK,PAK
SdLen,PAK_2021,PAK,0.142729863732928,0.185993835082156,0.702425716038342,45,4,4,1004,CV1_PAK,PAK
SdLen,PAK_2019,PAK,0.124570310115756,0.20112876550857,0.815108429313128,33,4,5,1004,CV1_PAK,PAK
SdLen,PAK_2020,PAK,0.0755524553160188,0.076231592510462,0.706453971021216,47,4,5,1004,CV1_PAK,PAK
SdLen,PAK_2021,PAK,-0.173153471779289,-0.170322976520954,0.476834586244934,49,4,5,1004,CV1_PAK,PAK
SdLen,PAK_2019,PAK,-0.208734087088239,-0.104429540790743,0.501242940735956,42,5,1,1005,CV1_PAK,PAK
SdLen,PAK_2020,PAK,0.0356935171472001,0.0209327141818507,0.532093540720217,47,5,1,1005,CV1_PAK,PAK
SdLen,PAK_2021,PAK,0.364264747267566,0.331355527314182,0.824581347293924,48,5,1,1005,CV1_PAK,PAK
SdLen,PAK_2019,PAK,0.282292160859942,0.240470271395059,0.66466302199564,36,5,2,1005,CV1_PAK,PAK
SdLen,PAK_2020,PAK,0.263296142865606,0.24778878067419,0.654136918879374,44,5,2,1005,CV1_PAK,PAK
SdLen,PAK_2021,PAK,0.0961435525750197,0.13714158434498,0.597259546312572,44,5,2,1005,CV1_PAK,PAK
SdLen,PAK_2019,PAK,0.302615587119862,0.351031471014318,0.708180190820582,38,5,3,1005,CV1_PAK,PAK
SdLen,PAK_2020,PAK,0.249595673973936,0.173158093661204,0.778071084939049,45,5,3,1005,CV1_PAK,PAK
SdLen,PAK_2021,PAK,0.352858144847382,0.298882052272802,0.834533628489811,47,5,3,1005,CV1_PAK,PAK
SdLen,PAK_2019,PAK,-0.0166036472604536,0.0197521796309838,0.525251500299228,42,5,4,1005,CV1_PAK,PAK
SdLen,PAK_2020,PAK,-0.069138112440793,-0.0212332190915432,0.463541988599363,50,5,4,1005,CV1_PAK,PAK
SdLen,PAK_2021,PAK,-0.0523343566395838,0.0448685398973535,0.662918635383883,49,5,4,1005,CV1_PAK,PAK
SdLen,PAK_2019,PAK,-0.0354213581682508,-0.0595908816225995,0.583819470199147,41,5,5,1005,CV1_PAK,PAK
SdLen,PAK_2020,PAK,-0.0057143188883475,0.107351156826555,0.720687175452205,52,5,5,1005,CV1_PAK,PAK
SdLen,PAK_2021,PAK,0.0779452127139945,0.0543179603172075,0.690970580081822,51,5,5,1005,CV1_PAK,PAK
SdLen,PAK_2019,PAK,-0.0444711216036177,-0.0753232743621525,0.506598003576856,42,6,1,1006,CV1_PAK,PAK
SdLen,PAK_2020,PAK,0.21397572085784,0.26262710591388,0.581563879469225,44,6,1,1006,CV1_PAK,PAK
SdLen,PAK_2021,PAK,0.0697163601157191,0.0695686124435645,0.740828319583876,46,6,1,1006,CV1_PAK,PAK
SdLen,PAK_2019,PAK,-0.0830790038008678,-0.0315384420742107,0.615965407500372,39,6,2,1006,CV1_PAK,PAK
SdLen,PAK_2020,PAK,0.0583265599547301,0.0765868579629524,0.619607705019254,50,6,2,1006,CV1_PAK,PAK
SdLen,PAK_2021,PAK,0.161999379776033,0.128569197743456,0.546246308180857,48,6,2,1006,CV1_PAK,PAK
SdLen,PAK_2019,PAK,0.240661363128086,0.19685502204382,0.745441515736988,39,6,3,1006,CV1_PAK,PAK
SdLen,PAK_2020,PAK,0.194467313474307,0.0817712341070384,0.839739562833177,48,6,3,1006,CV1_PAK,PAK
SdLen,PAK_2021,PAK,-0.145908635895881,-0.0891076244613272,0.63404689544843,47,6,3,1006,CV1_PAK,PAK
SdLen,PAK_2019,PAK,-0.0341147599372568,0.0658628353051034,0.487919766288977,42,6,4,1006,CV1_PAK,PAK
SdLen,PAK_2020,PAK,0.0009626980070642,-0.0260524084089707,0.735388722129727,48,6,4,1006,CV1_PAK,PAK
SdLen,PAK_2021,PAK,0.287246268304605,0.267856806235727,0.778538069270113,49,6,4,1006,CV1_PAK,PAK
SdLen,PAK_2019,PAK,0.21993652105149,0.166459188527802,0.721448910140345,37,6,5,1006,CV1_PAK,PAK
SdLen,PAK_2020,PAK,0.0686756946275905,0.0621941964138182,0.670022955330798,48,6,5,1006,CV1_PAK,PAK
SdLen,PAK_2021,PAK,0.255968486433184,0.280187113014609,0.754834430971053,49,6,5,1006,CV1_PAK,PAK
SdLen,PAK_2019,PAK,0.0368385181266557,0.0883963867064418,0.571430294661495,35,7,1,1007,CV1_PAK,PAK
SdLen,PAK_2020,PAK,0.284009827209757,0.299589363602979,0.713372587605547,42,7,1,1007,CV1_PAK,PAK
SdLen,PAK_2021,PAK,0.435960343086689,0.431879698832811,0.818711053176216,47,7,1,1007,CV1_PAK,PAK
SdLen,PAK_2019,PAK,0.0537533468456424,0.0694614149741615,0.639254878882961,43,7,2,1007,CV1_PAK,PAK
SdLen,PAK_2020,PAK,0.0986640403365698,0.0854177936812925,0.686323114435213,44,7,2,1007,CV1_PAK,PAK
SdLen,PAK_2021,PAK,0.287926494780483,0.332842385803588,0.669995797334334,44,7,2,1007,CV1_PAK,PAK
SdLen,PAK_2019,PAK,0.0403460193384515,0.0986437367940816,0.417266292735755,41,7,3,1007,CV1_PAK,PAK
SdLen,PAK_2020,PAK,-0.07382748850032,0.0074477134670798,0.724127924009317,49,7,3,1007,CV1_PAK,PAK
SdLen,PAK_2021,PAK,0.0686622937647787,0.153352721689702,0.761299874676988,48,7,3,1007,CV1_PAK,PAK
SdLen,PAK_2019,PAK,-0.0997658072897324,-0.156604775758088,0.569618331755178,39,7,4,1007,CV1_PAK,PAK
SdLen,PAK_2020,PAK,0.0278972213444104,0.0461815370509232,0.662788255315666,49,7,4,1007,CV1_PAK,PAK
SdLen,PAK_2021,PAK,0.0278381957623331,0.08200172555234,0.656441807950724,51,7,4,1007,CV1_PAK,PAK
SdLen,PAK_2019,PAK,0.0989555611129959,0.182621351304947,0.633695825724877,41,7,5,1007,CV1_PAK,PAK
SdLen,PAK_2020,PAK,0.203590870852027,0.135923157797044,0.736593939527405,54,7,5,1007,CV1_PAK,PAK
SdLen,PAK_2021,PAK,-0.17884977027732,-0.188399486817922,0.557959787395059,49,7,5,1007,CV1_PAK,PAK
SdLen,PAK_2019,PAK,0.0118645295178571,-0.0224756495115808,0.67775680235813,38,8,1,1008,CV1_PAK,PAK
SdLen,PAK_2020,PAK,0.0579110032228611,0.0815682949422854,0.790088482618491,49,8,1,1008,CV1_PAK,PAK
SdLen,PAK_2021,PAK,0.262265776340057,0.275252930383157,0.725877487907229,45,8,1,1008,CV1_PAK,PAK
SdLen,PAK_2019,PAK,0.228012904503779,0.146844880946303,0.672495812909193,41,8,2,1008,CV1_PAK,PAK
SdLen,PAK_2020,PAK,0.308437552534395,0.32488288838625,0.857298230029115,48,8,2,1008,CV1_PAK,PAK
SdLen,PAK_2021,PAK,0.066863619033877,0.0791917970067677,0.645617606601273,53,8,2,1008,CV1_PAK,PAK
SdLen,PAK_2019,PAK,0.163718728714442,0.299634264655671,0.69838912988528,43,8,3,1008,CV1_PAK,PAK
SdLen,PAK_2020,PAK,0.148096448147075,0.0667871774564269,0.602007525369597,48,8,3,1008,CV1_PAK,PAK
SdLen,PAK_2021,PAK,0.147120646326788,0.143009579442496,0.802117438437858,46,8,3,1008,CV1_PAK,PAK
SdLen,PAK_2019,PAK,0.0011276514473043,0.081890078623929,0.581714778116705,38,8,4,1008,CV1_PAK,PAK
SdLen,PAK_2020,PAK,0.0866766614022037,0.0921575320275812,0.653739900809592,47,8,4,1008,CV1_PAK,PAK
SdLen,PAK_2021,PAK,0.173248742006567,0.195602816422603,0.759301263177596,52,8,4,1008,CV1_PAK,PAK
SdLen,PAK_2019,PAK,0.106253570965429,0.119979962847175,0.642337273838174,39,8,5,1008,CV1_PAK,PAK
SdLen,PAK_2020,PAK,0.0464429879816414,0.0991670591367675,0.638512377931892,46,8,5,1008,CV1_PAK,PAK
SdLen,PAK_2021,PAK,0.206082024151298,0.146997209315859,0.748015486231738,43,8,5,1008,CV1_PAK,PAK
SdLen,PAK_2019,PAK,0.0688604964814634,0.0907398629894658,0.601542047360064,38,9,1,1009,CV1_PAK,PAK
SdLen,PAK_2020,PAK,0.0798496905263405,0.220076985206869,0.699634961256885,48,9,1,1009,CV1_PAK,PAK
SdLen,PAK_2021,PAK,0.0879581359330229,0.149754218774757,0.618787227180011,48,9,1,1009,CV1_PAK,PAK
SdLen,PAK_2019,PAK,0.344957659312509,0.343241943363052,0.747107155413113,35,9,2,1009,CV1_PAK,PAK
SdLen,PAK_2020,PAK,0.0359850866809952,-0.074766082304699,0.774323240386007,47,9,2,1009,CV1_PAK,PAK
SdLen,PAK_2021,PAK,0.156525013287675,0.201737837634285,0.730918909910268,46,9,2,1009,CV1_PAK,PAK
SdLen,PAK_2019,PAK,-0.123419131566847,-0.0620505159429542,0.391951288928038,43,9,3,1009,CV1_PAK,PAK
SdLen,PAK_2020,PAK,0.0591747064658407,0.135139839104041,0.670094286144654,45,9,3,1009,CV1_PAK,PAK
SdLen,PAK_2021,PAK,0.297978231382861,0.271787753495084,0.789561251455589,49,9,3,1009,CV1_PAK,PAK
SdLen,PAK_2019,PAK,0.0709146700315991,0.111361366431929,0.556078882048452,45,9,4,1009,CV1_PAK,PAK
SdLen,PAK_2020,PAK,0.211762261337781,0.221056547160076,0.564676676863729,47,9,4,1009,CV1_PAK,PAK
SdLen,PAK_2021,PAK,0.0014013431421084,0.0636284512680878,0.70132724241238,47,9,4,1009,CV1_PAK,PAK
SdLen,PAK_2019,PAK,0.191323843379583,0.226480534477071,0.711850918586757,38,9,5,1009,CV1_PAK,PAK
SdLen,PAK_2020,PAK,-0.0154930841884092,-0.003465915334671,0.528082482799065,51,9,5,1009,CV1_PAK,PAK
SdLen,PAK_2021,PAK,-0.0057762137430521,-0.0290095670120515,0.561899789502887,49,9,5,1009,CV1_PAK,PAK
SdLen,PAK_2019,PAK,0.020283922128522,0.0401333714658951,0.597088079113877,42,10,1,1010,CV1_PAK,PAK
SdLen,PAK_2020,PAK,0.142690996064971,0.0927793548452907,0.838946001624364,50,10,1,1010,CV1_PAK,PAK
SdLen,PAK_2021,PAK,0.0558604424591664,0.103229589976299,0.659649996913257,50,10,1,1010,CV1_PAK,PAK
SdLen,PAK_2019,PAK,0.0197876526562788,0.0911049007462862,0.501855873961811,42,10,2,1010,CV1_PAK,PAK
SdLen,PAK_2020,PAK,0.0719326392664727,0.073856780108539,0.819548587377338,49,10,2,1010,CV1_PAK,PAK
SdLen,PAK_2021,PAK,-0.0055530146391526,-0.0214311441694998,0.784517529671675,48,10,2,1010,CV1_PAK,PAK
SdLen,PAK_2019,PAK,0.122244700980693,0.0766155625852588,0.541318249471113,36,10,3,1010,CV1_PAK,PAK
SdLen,PAK_2020,PAK,-0.0106066040372872,0.0670598776119848,0.65351356217757,46,10,3,1010,CV1_PAK,PAK
SdLen,PAK_2021,PAK,0.402334959331842,0.372807487723512,0.774185096076316,47,10,3,1010,CV1_PAK,PAK
SdLen,PAK_2019,PAK,0.143119072722681,0.23207670207076,0.651974487067411,38,10,4,1010,CV1_PAK,PAK
SdLen,PAK_2020,PAK,0.349179463033182,0.378826678379269,0.758329817999222,46,10,4,1010,CV1_PAK,PAK
SdLen,PAK_2021,PAK,0.158449113660677,0.150375893359396,0.630412761386653,44,10,4,1010,CV1_PAK,PAK
SdLen,PAK_2019,PAK,-0.0690600578445401,-0.0323442736872486,0.701225149662047,41,10,5,1010,CV1_PAK,PAK
SdLen,PAK_2020,PAK,0.114520842515831,0.0660572296490121,0.451218667411085,47,10,5,1010,CV1_PAK,PAK
SdLen,PAK_2021,PAK,0.19715721156797,0.19680855665791,0.687794609199873,50,10,5,1010,CV1_PAK,PAK
SdLen,PAK_2019,PAK,-0.0411530917301078,0.104520515396712,0.513182825363705,40,11,1,1011,CV1_PAK,PAK
SdLen,PAK_2020,PAK,0.21553496609996,0.22852124433771,0.531690501375738,47,11,1,1011,CV1_PAK,PAK
SdLen,PAK_2021,PAK,0.229940521398112,0.206666257120743,0.756445001627175,48,11,1,1011,CV1_PAK,PAK
SdLen,PAK_2019,PAK,0.152225936574566,0.153028096371319,0.68951724266169,42,11,2,1011,CV1_PAK,PAK
SdLen,PAK_2020,PAK,0.0306483968693253,0.160255433341367,0.811551539433939,50,11,2,1011,CV1_PAK,PAK
SdLen,PAK_2021,PAK,0.290125432321142,0.209054466354969,0.691238758638533,47,11,2,1011,CV1_PAK,PAK
SdLen,PAK_2019,PAK,0.179048453387996,0.112000372946712,0.679750306730265,36,11,3,1011,CV1_PAK,PAK
SdLen,PAK_2020,PAK,0.164655219394365,0.174673303410188,0.760277227232125,46,11,3,1011,CV1_PAK,PAK
SdLen,PAK_2021,PAK,-0.148079393136754,-0.165254343471807,0.521030353614294,48,11,3,1011,CV1_PAK,PAK
SdLen,PAK_2019,PAK,-0.0727359806945872,0.024608258909178,0.455621585653624,43,11,4,1011,CV1_PAK,PAK
SdLen,PAK_2020,PAK,0.0902586053637548,0.107525643895095,0.664440922388051,51,11,4,1011,CV1_PAK,PAK
SdLen,PAK_2021,PAK,0.321757309395131,0.308872400465414,0.752138360388586,51,11,4,1011,CV1_PAK,PAK
SdLen,PAK_2019,PAK,0.135597022972003,0.112087554872074,0.649717527627606,38,11,5,1011,CV1_PAK,PAK
SdLen,PAK_2020,PAK,0.0416833613010982,-0.0652901003065169,0.684315239091527,44,11,5,1011,CV1_PAK,PAK
SdLen,PAK_2021,PAK,0.141926487960621,0.272587799717079,0.679425921740703,45,11,5,1011,CV1_PAK,PAK
SdLen,PAK_2019,PAK,-0.0995896961536661,-0.206372365094385,0.573260827291177,39,12,1,1012,CV1_PAK,PAK
SdLen,PAK_2020,PAK,0.0988124106045068,0.0271987722751286,0.6994025572247,50,12,1,1012,CV1_PAK,PAK
SdLen,PAK_2021,PAK,0.117127347398135,0.136270856670691,0.576712813534709,49,12,1,1012,CV1_PAK,PAK
SdLen,PAK_2019,PAK,0.130559555412525,0.15678435070067,0.54395091939833,33,12,2,1012,CV1_PAK,PAK
SdLen,PAK_2020,PAK,0.0622126680767975,0.155752573205978,0.551774393302706,45,12,2,1012,CV1_PAK,PAK
SdLen,PAK_2021,PAK,4.84076553067333e-05,0.0487396003365417,0.720302440298892,46,12,2,1012,CV1_PAK,PAK
SdLen,PAK_2019,PAK,0.334260380408276,0.299187238352821,0.709202139434385,43,12,3,1012,CV1_PAK,PAK
SdLen,PAK_2020,PAK,0.0946897684925073,0.07861559762428,0.731170112377285,46,12,3,1012,CV1_PAK,PAK
SdLen,PAK_2021,PAK,0.108400032097208,0.0507895109090089,0.68743514546303,47,12,3,1012,CV1_PAK,PAK
SdLen,PAK_2019,PAK,-0.113036684192977,0.0029593718859038,0.47164561154549,47,12,4,1012,CV1_PAK,PAK
SdLen,PAK_2020,PAK,0.20957605757669,0.245824596212749,0.620398544241056,54,12,4,1012,CV1_PAK,PAK
SdLen,PAK_2021,PAK,0.361440400418643,0.334599175393406,0.763361968040558,50,12,4,1012,CV1_PAK,PAK
SdLen,PAK_2019,PAK,0.0719913987184241,0.0828137433289636,0.622845628287771,37,12,5,1012,CV1_PAK,PAK
SdLen,PAK_2020,PAK,0.171055472748681,0.336396720079232,0.742729315137006,43,12,5,1012,CV1_PAK,PAK
SdLen,PAK_2021,PAK,0.225141345779193,0.26030510594839,0.771367578072861,47,12,5,1012,CV1_PAK,PAK
SdLen,PAK_2019,PAK,-0.0322662358020293,0.0362082223621944,0.505695641682431,41,13,1,1013,CV1_PAK,PAK
SdLen,PAK_2020,PAK,0.0158155613756628,0.0064481045575724,0.771273097443253,46,13,1,1013,CV1_PAK,PAK
SdLen,PAK_2021,PAK,0.0711485462411099,0.099875143223332,0.779786658918641,45,13,1,1013,CV1_PAK,PAK
SdLen,PAK_2019,PAK,0.184829444949731,0.189156597532737,0.658067774562646,37,13,2,1013,CV1_PAK,PAK
SdLen,PAK_2020,PAK,0.121081524560481,0.223835727289158,0.38455891206967,50,13,2,1013,CV1_PAK,PAK
SdLen,PAK_2021,PAK,0.101007926358106,0.155808051604835,0.797847973957186,49,13,2,1013,CV1_PAK,PAK
SdLen,PAK_2019,PAK,-0.0448865895105429,-0.0911850744242298,0.480845007690885,37,13,3,1013,CV1_PAK,PAK
SdLen,PAK_2020,PAK,0.338453040066987,0.321935378064781,0.765420780211768,46,13,3,1013,CV1_PAK,PAK
SdLen,PAK_2021,PAK,0.319477264541214,0.266112643973024,0.594458169988436,48,13,3,1013,CV1_PAK,PAK
SdLen,PAK_2019,PAK,0.0499320221347317,0.0351221463430894,0.622821960602921,42,13,4,1013,CV1_PAK,PAK
SdLen,PAK_2020,PAK,-0.0781371436910632,-0.0302916040901535,0.66146733592684,45,13,4,1013,CV1_PAK,PAK
SdLen,PAK_2021,PAK,-0.0442207523543502,-0.0398652184868442,0.725394284544392,47,13,4,1013,CV1_PAK,PAK
SdLen,PAK_2019,PAK,0.172133489867525,0.22135622565127,0.656219567647085,42,13,5,1013,CV1_PAK,PAK
SdLen,PAK_2020,PAK,0.149410347405776,0.141379483170292,0.778229876285069,51,13,5,1013,CV1_PAK,PAK
SdLen,PAK_2021,PAK,0.217034980408694,0.162925985968874,0.607546287955599,50,13,5,1013,CV1_PAK,PAK
SdLen,PAK_2019,PAK,-0.0836234210676286,0.0221564756080223,0.516380517679514,38,14,1,1014,CV1_PAK,PAK
SdLen,PAK_2020,PAK,-0.0667851437033317,0.156151587616548,0.730220306718713,42,14,1,1014,CV1_PAK,PAK
SdLen,PAK_2021,PAK,0.281882956875667,0.263752907638916,0.792450491648631,42,14,1,1014,CV1_PAK,PAK
SdLen,PAK_2019,PAK,0.0892081814142415,-0.0283406397402591,0.609888134834821,42,14,2,1014,CV1_PAK,PAK
SdLen,PAK_2020,PAK,0.0754019941265005,0.0984633572894227,0.639292998465479,48,14,2,1014,CV1_PAK,PAK
SdLen,PAK_2021,PAK,-0.104625187877364,-0.126365533801806,0.587413851590686,49,14,2,1014,CV1_PAK,PAK
SdLen,PAK_2019,PAK,0.0721660195406236,0.0696449930719118,0.692124783452822,39,14,3,1014,CV1_PAK,PAK
SdLen,PAK_2020,PAK,0.132254246416827,0.11814958449776,0.58126990158791,47,14,3,1014,CV1_PAK,PAK
SdLen,PAK_2021,PAK,0.183635467374859,0.231682127284955,0.654360006041362,50,14,3,1014,CV1_PAK,PAK
SdLen,PAK_2019,PAK,0.196151330263324,0.18473943177458,0.568275999691682,41,14,4,1014,CV1_PAK,PAK
SdLen,PAK_2020,PAK,0.222974026604792,0.176583238435857,0.714086380799118,51,14,4,1014,CV1_PAK,PAK
SdLen,PAK_2021,PAK,0.144258158921818,0.143176175073703,0.745156824273663,51,14,4,1014,CV1_PAK,PAK
SdLen,PAK_2019,PAK,0.109140551093763,0.150225549409743,0.66914750638783,39,14,5,1014,CV1_PAK,PAK
SdLen,PAK_2020,PAK,0.141575936861314,0.0331666252690567,0.735832773011566,50,14,5,1014,CV1_PAK,PAK
SdLen,PAK_2021,PAK,0.130490130519845,0.17926613573654,0.665902575756865,47,14,5,1014,CV1_PAK,PAK
SdLen,PAK_2019,PAK,0.190414976123422,0.228669942427131,0.714382987988885,43,15,1,1015,CV1_PAK,PAK
SdLen,PAK_2020,PAK,0.0630451761923038,0.138123996116271,0.690338451142353,46,15,1,1015,CV1_PAK,PAK
SdLen,PAK_2021,PAK,0.307486294382371,0.366159268021814,0.75303579713943,47,15,1,1015,CV1_PAK,PAK
SdLen,PAK_2019,PAK,-0.290766115062443,-0.305037765615368,0.412660369143709,33,15,2,1015,CV1_PAK,PAK
SdLen,PAK_2020,PAK,0.237560706213144,0.192408737631965,0.801249166445204,47,15,2,1015,CV1_PAK,PAK
SdLen,PAK_2021,PAK,0.284862191473021,0.194312245773314,0.768228401798603,47,15,2,1015,CV1_PAK,PAK
SdLen,PAK_2019,PAK,0.232041737125695,0.231387386789752,0.822532731288803,42,15,3,1015,CV1_PAK,PAK
SdLen,PAK_2020,PAK,0.254054077843225,0.194922444551924,0.676366378071504,42,15,3,1015,CV1_PAK,PAK
SdLen,PAK_2021,PAK,0.0123834771188112,0.0526582017183908,0.755918427966558,46,15,3,1015,CV1_PAK,PAK
SdLen,PAK_2019,PAK,0.0209296044676712,0.165260414509072,0.643782034728467,43,15,4,1015,CV1_PAK,PAK
SdLen,PAK_2020,PAK,0.0860523422511234,0.0691568304315212,0.779122253536644,52,15,4,1015,CV1_PAK,PAK
SdLen,PAK_2021,PAK,0.272457329139424,0.276493679765969,0.708326818589746,49,15,4,1015,CV1_PAK,PAK
SdLen,PAK_2019,PAK,0.0589849540573901,0.0395530088770945,0.484571504525122,38,15,5,1015,CV1_PAK,PAK
SdLen,PAK_2020,PAK,-0.0636029136598114,0.0576226633446469,0.524395402469316,51,15,5,1015,CV1_PAK,PAK
SdLen,PAK_2021,PAK,-0.0323689957315434,0.0358712743673169,0.690707852296283,50,15,5,1015,CV1_PAK,PAK
SdW_z,AUS_2017,AUS,-0.0275651606419181,0.173744185915482,0.306147433849758,75,1,1,1001,CV1_AUS,AUS
SdW_z,AUS_2018,AUS,0.255005509431347,0.197276534443167,0.607366218501463,101,1,1,1001,CV1_AUS,AUS
SdW_z,AUS_2019,AUS,-0.0819831554598393,-0.178849271251761,0.68152608930516,42,1,1,1001,CV1_AUS,AUS
SdW_z,AUS_2017,AUS,0.201990853810848,0.404210850028137,0.526043911193314,68,1,2,1001,CV1_AUS,AUS
SdW_z,AUS_2018,AUS,0.271732223521948,0.239072133424503,0.560603966943809,92,1,2,1001,CV1_AUS,AUS
SdW_z,AUS_2019,AUS,0.392647601175863,0.322796698524697,0.819050226628852,51,1,2,1001,CV1_AUS,AUS
SdW_z,AUS_2017,AUS,0.298063786640418,0.279394645439007,0.627488471054062,63,1,3,1001,CV1_AUS,AUS
SdW_z,AUS_2018,AUS,0.430550235867884,0.380398113358095,0.706186070278637,95,1,3,1001,CV1_AUS,AUS
SdW_z,AUS_2019,AUS,0.136185676615621,-0.0287440675032567,0.723105361263823,54,1,3,1001,CV1_AUS,AUS
SdW_z,AUS_2017,AUS,0.227414882367721,0.0768353417869306,0.563503417838318,81,1,4,1001,CV1_AUS,AUS
SdW_z,AUS_2018,AUS,0.400031604416201,0.33434556540707,0.647867965330363,99,1,4,1001,CV1_AUS,AUS
SdW_z,AUS_2019,AUS,-0.0309393008371492,-0.0200964304690703,0.572635606085754,42,1,4,1001,CV1_AUS,AUS
SdW_z,AUS_2017,AUS,0.294708298783557,0.512476569762689,0.33382765716248,79,1,5,1001,CV1_AUS,AUS
SdW_z,AUS_2018,AUS,0.389480626522022,0.249400827227214,0.754201325813482,97,1,5,1001,CV1_AUS,AUS
SdW_z,AUS_2019,AUS,0.38418029731061,0.234082990420211,0.762255061328079,51,1,5,1001,CV1_AUS,AUS
SdW_z,AUS_2017,AUS,0.218796675628597,0.365022610663412,0.41170167570945,77,2,1,1002,CV1_AUS,AUS
SdW_z,AUS_2018,AUS,0.275218435416343,0.259121865693205,0.544905426061496,95,2,1,1002,CV1_AUS,AUS
SdW_z,AUS_2019,AUS,0.151331551707748,0.143728745068288,0.692731292558094,56,2,1,1002,CV1_AUS,AUS
SdW_z,AUS_2017,AUS,0.221997726644621,0.272479349376385,0.419261022434612,81,2,2,1002,CV1_AUS,AUS
SdW_z,AUS_2018,AUS,0.399012174414724,0.255035238361419,0.744284051087092,101,2,2,1002,CV1_AUS,AUS
SdW_z,AUS_2019,AUS,0.251808686490357,-0.0110210697282463,0.777694104604886,42,2,2,1002,CV1_AUS,AUS
SdW_z,AUS_2017,AUS,0.195942815301711,0.179402552210753,0.584923480544626,63,2,3,1002,CV1_AUS,AUS
SdW_z,AUS_2018,AUS,0.399545308415949,0.313348016453317,0.785206668898061,100,2,3,1002,CV1_AUS,AUS
SdW_z,AUS_2019,AUS,0.111896161128257,-0.156051653374766,0.659258817003626,38,2,3,1002,CV1_AUS,AUS
SdW_z,AUS_2017,AUS,0.231824703130019,0.288151805547105,0.484086284283607,73,2,4,1002,CV1_AUS,AUS
SdW_z,AUS_2018,AUS,0.305199449486724,0.329488892391129,0.551331363032466,97,2,4,1002,CV1_AUS,AUS
SdW_z,AUS_2019,AUS,0.207104402537646,0.118519320966996,0.682667691042372,55,2,4,1002,CV1_AUS,AUS
SdW_z,AUS_2017,AUS,0.0521245420630381,0.156552501130598,0.292376466946065,72,2,5,1002,CV1_AUS,AUS
SdW_z,AUS_2018,AUS,0.346917931421687,0.23396004052003,0.712107660014367,91,2,5,1002,CV1_AUS,AUS
SdW_z,AUS_2019,AUS,0.226236915245882,0.0759732640409303,0.761675471225282,49,2,5,1002,CV1_AUS,AUS
SdW_z,AUS_2017,AUS,0.184549704169424,0.304755065834577,0.412520855213228,79,3,1,1003,CV1_AUS,AUS
SdW_z,AUS_2018,AUS,0.195748916991464,0.244402939220055,0.516483927387294,99,3,1,1003,CV1_AUS,AUS
SdW_z,AUS_2019,AUS,0.336423216736118,0.204768651334441,0.800697926379049,50,3,1,1003,CV1_AUS,AUS
SdW_z,AUS_2017,AUS,0.0852275014909248,0.25316500159379,0.344935563163028,70,3,2,1003,CV1_AUS,AUS
SdW_z,AUS_2018,AUS,0.312683084841482,0.277263786841432,0.658889813727709,96,3,2,1003,CV1_AUS,AUS
SdW_z,AUS_2019,AUS,0.318992327062283,0.0708756146425746,0.718095271923157,46,3,2,1003,CV1_AUS,AUS
SdW_z,AUS_2017,AUS,-0.0111514073997014,0.0239018032079253,0.389450820548909,70,3,3,1003,CV1_AUS,AUS
SdW_z,AUS_2018,AUS,0.433441746784324,0.322301307316877,0.699244155796009,97,3,3,1003,CV1_AUS,AUS
SdW_z,AUS_2019,AUS,0.296806293971204,0.162570317630116,0.700359251365918,43,3,3,1003,CV1_AUS,AUS
SdW_z,AUS_2017,AUS,0.538745157539166,0.588755274536743,0.682209659638291,73,3,4,1003,CV1_AUS,AUS
SdW_z,AUS_2018,AUS,0.492407276901805,0.388746194011591,0.872541473469942,94,3,4,1003,CV1_AUS,AUS
SdW_z,AUS_2019,AUS,0.0263081525066767,-0.0999399695040843,0.678960747562778,50,3,4,1003,CV1_AUS,AUS
SdW_z,AUS_2017,AUS,0.180174987426126,0.220056577536179,0.461008746457143,74,3,5,1003,CV1_AUS,AUS
SdW_z,AUS_2018,AUS,0.354663866041571,0.289889820107473,0.615632243829993,98,3,5,1003,CV1_AUS,AUS
SdW_z,AUS_2019,AUS,0.0318679556938659,-0.0812290708368048,0.749150771582517,51,3,5,1003,CV1_AUS,AUS
SdW_z,AUS_2017,AUS,0.151110306776088,0.317582800947395,0.419464450714668,77,4,1,1004,CV1_AUS,AUS
SdW_z,AUS_2018,AUS,0.365467356015353,0.246754185292071,0.625896002159475,94,4,1,1004,CV1_AUS,AUS
SdW_z,AUS_2019,AUS,0.236873360621624,0.0391051913993724,0.744117162319685,52,4,1,1004,CV1_AUS,AUS
SdW_z,AUS_2017,AUS,0.173236827938364,0.309701259926172,0.416038788412627,66,4,2,1004,CV1_AUS,AUS
SdW_z,AUS_2018,AUS,0.493169597190608,0.438910905522349,0.816128675633844,94,4,2,1004,CV1_AUS,AUS
SdW_z,AUS_2019,AUS,0.165838729021182,0.110819494208215,0.749688450572644,51,4,2,1004,CV1_AUS,AUS
SdW_z,AUS_2017,AUS,0.222585949132455,0.332352424404592,0.496817039973524,72,4,3,1004,CV1_AUS,AUS
SdW_z,AUS_2018,AUS,0.336908335758968,0.288804728506497,0.566425587852193,98,4,3,1004,CV1_AUS,AUS
SdW_z,AUS_2019,AUS,0.297426892836384,0.227016700277969,0.740807573742269,45,4,3,1004,CV1_AUS,AUS
SdW_z,AUS_2017,AUS,0.279349838229545,0.371529734361242,0.58321852028426,73,4,4,1004,CV1_AUS,AUS
SdW_z,AUS_2018,AUS,0.34085084259899,0.317445013449642,0.587371712317101,105,4,4,1004,CV1_AUS,AUS
SdW_z,AUS_2019,AUS,0.177452781249439,0.0899097065765204,0.72345645342322,52,4,4,1004,CV1_AUS,AUS
SdW_z,AUS_2017,AUS,0.147419567109791,0.180439717914524,0.371991428011134,78,4,5,1004,CV1_AUS,AUS
SdW_z,AUS_2018,AUS,0.288823732099422,0.307026019199022,0.662920248678856,93,4,5,1004,CV1_AUS,AUS
SdW_z,AUS_2019,AUS,0.133751665903684,-0.0317102919117637,0.651234194924546,40,4,5,1004,CV1_AUS,AUS
SdW_z,AUS_2017,AUS,0.298571767909805,0.375684040521969,0.428569349639683,86,5,1,1005,CV1_AUS,AUS
SdW_z,AUS_2018,AUS,0.461133538367653,0.354904543744639,0.737343414358831,99,5,1,1005,CV1_AUS,AUS
SdW_z,AUS_2019,AUS,0.295292017722072,0.208939293810743,0.781595787319385,54,5,1,1005,CV1_AUS,AUS
SdW_z,AUS_2017,AUS,0.084661741938259,0.135073315136973,0.468320078503551,61,5,2,1005,CV1_AUS,AUS
SdW_z,AUS_2018,AUS,0.479955100944047,0.246077253420444,0.771600183814948,92,5,2,1005,CV1_AUS,AUS
SdW_z,AUS_2019,AUS,0.299507083056991,0.177049686004453,0.788547471589469,58,5,2,1005,CV1_AUS,AUS
SdW_z,AUS_2017,AUS,0.191957437759197,0.325024439674463,0.330628445858253,74,5,3,1005,CV1_AUS,AUS
SdW_z,AUS_2018,AUS,0.413644822512967,0.374662881868691,0.66335766839641,93,5,3,1005,CV1_AUS,AUS
SdW_z,AUS_2019,AUS,0.215287783159201,0.038906118232617,0.784406413291945,44,5,3,1005,CV1_AUS,AUS
SdW_z,AUS_2017,AUS,0.172372670383579,0.246891301408106,0.492396542494522,76,5,4,1005,CV1_AUS,AUS
SdW_z,AUS_2018,AUS,0.213214286766365,0.218244990981239,0.530312147580318,100,5,4,1005,CV1_AUS,AUS
SdW_z,AUS_2019,AUS,0.0098529203700749,-0.171428571428571,0.589159640905524,41,5,4,1005,CV1_AUS,AUS
SdW_z,AUS_2017,AUS,0.157309001480805,0.221434575817987,0.42960309530204,69,5,5,1005,CV1_AUS,AUS
SdW_z,AUS_2018,AUS,0.224347342728273,0.29178618157056,0.582325680440808,100,5,5,1005,CV1_AUS,AUS
SdW_z,AUS_2019,AUS,0.0160428142109524,-0.0638779824826336,0.595649398608884,43,5,5,1005,CV1_AUS,AUS
SdW_z,AUS_2017,AUS,0.34150604176832,0.231650055916064,0.556524253799353,72,6,1,1006,CV1_AUS,AUS
SdW_z,AUS_2018,AUS,0.276279530337062,0.131477939517667,0.742268002329296,98,6,1,1006,CV1_AUS,AUS
SdW_z,AUS_2019,AUS,0.0530940297382993,0.103975756097208,0.623203956098495,55,6,1,1006,CV1_AUS,AUS
SdW_z,AUS_2017,AUS,0.355688399879112,0.361685790616838,0.469453101115158,81,6,2,1006,CV1_AUS,AUS
SdW_z,AUS_2018,AUS,0.382199004374588,0.33724208645894,0.757467761095991,90,6,2,1006,CV1_AUS,AUS
SdW_z,AUS_2019,AUS,0.296110537287261,0.146353323008917,0.795709089643233,42,6,2,1006,CV1_AUS,AUS
SdW_z,AUS_2017,AUS,0.0626860029952739,0.126893269512824,0.400703911148929,72,6,3,1006,CV1_AUS,AUS
SdW_z,AUS_2018,AUS,0.196560552103244,0.205567140694871,0.512046343754021,101,6,3,1006,CV1_AUS,AUS
SdW_z,AUS_2019,AUS,0.0892342083528294,-0.0272386175757778,0.680343214487904,55,6,3,1006,CV1_AUS,AUS
SdW_z,AUS_2017,AUS,0.11570632708883,0.350982753208494,0.360740012270929,73,6,4,1006,CV1_AUS,AUS
SdW_z,AUS_2018,AUS,0.388365405124014,0.367828318924119,0.642348061363365,99,6,4,1006,CV1_AUS,AUS
SdW_z,AUS_2019,AUS,0.128568649678317,-0.0411774022142089,0.73457722391518,51,6,4,1006,CV1_AUS,AUS
SdW_z,AUS_2017,AUS,0.0207727738168872,0.183629840098752,0.248632464131522,68,6,5,1006,CV1_AUS,AUS
SdW_z,AUS_2018,AUS,0.424722502990912,0.333409079418043,0.731009930766848,96,6,5,1006,CV1_AUS,AUS
SdW_z,AUS_2019,AUS,0.348218399043741,0.234471313418682,0.779731630389986,37,6,5,1006,CV1_AUS,AUS
SdW_z,AUS_2017,AUS,0.199412387131206,0.194431715453948,0.4156845855382,72,7,1,1007,CV1_AUS,AUS
SdW_z,AUS_2018,AUS,0.262046668318629,0.313717415579533,0.539542055051154,94,7,1,1007,CV1_AUS,AUS
SdW_z,AUS_2019,AUS,0.036408289884784,0.0311873857791144,0.553433382610795,41,7,1,1007,CV1_AUS,AUS
SdW_z,AUS_2017,AUS,0.204976010939081,0.310958207623793,0.549174294527108,73,7,2,1007,CV1_AUS,AUS
SdW_z,AUS_2018,AUS,0.280677052141272,0.180524176188355,0.626496114192719,100,7,2,1007,CV1_AUS,AUS
SdW_z,AUS_2019,AUS,-0.0125380407244862,-0.178736301523905,0.563706276612925,44,7,2,1007,CV1_AUS,AUS
SdW_z,AUS_2017,AUS,0.241841168488139,0.299252563029655,0.54166166896591,73,7,3,1007,CV1_AUS,AUS
SdW_z,AUS_2018,AUS,0.145211638534715,0.192260594451486,0.521284773052807,99,7,3,1007,CV1_AUS,AUS
SdW_z,AUS_2019,AUS,0.289732378868736,0.209974600017451,0.785094406377235,53,7,3,1007,CV1_AUS,AUS
SdW_z,AUS_2017,AUS,0.0349630877947427,0.149813776813231,0.352773057358037,78,7,4,1007,CV1_AUS,AUS
SdW_z,AUS_2018,AUS,0.522294383115655,0.397359985481055,0.674004644473566,95,7,4,1007,CV1_AUS,AUS
SdW_z,AUS_2019,AUS,0.36774825881086,0.229305763105721,0.810155820092882,57,7,4,1007,CV1_AUS,AUS
SdW_z,AUS_2017,AUS,0.26319998462675,0.447980823685485,0.452251476856622,70,7,5,1007,CV1_AUS,AUS
SdW_z,AUS_2018,AUS,0.497985473465383,0.336614994510255,0.913071899449385,96,7,5,1007,CV1_AUS,AUS
SdW_z,AUS_2019,AUS,0.169305859729874,-0.0604104219834294,0.807673278854946,45,7,5,1007,CV1_AUS,AUS
SdW_z,AUS_2017,AUS,0.352931278407415,0.426290246398936,0.558084528306046,76,8,1,1008,CV1_AUS,AUS
SdW_z,AUS_2018,AUS,0.170229217525841,0.0624697151627008,0.531078160362858,98,8,1,1008,CV1_AUS,AUS
SdW_z,AUS_2019,AUS,0.33018393223473,0.165677694921509,0.785180715982604,52,8,1,1008,CV1_AUS,AUS
SdW_z,AUS_2017,AUS,0.110777890691983,0.186634031385931,0.367038569218994,65,8,2,1008,CV1_AUS,AUS
SdW_z,AUS_2018,AUS,0.400479747909951,0.319753135829814,0.69951582463563,91,8,2,1008,CV1_AUS,AUS
SdW_z,AUS_2019,AUS,0.210367194281829,-0.0057972924040804,0.660690746383892,45,8,2,1008,CV1_AUS,AUS
SdW_z,AUS_2017,AUS,0.0077769772625781,0.11934860462047,0.307557097553145,74,8,3,1008,CV1_AUS,AUS
SdW_z,AUS_2018,AUS,0.607459698486916,0.494373646367574,0.868431134750521,101,8,3,1008,CV1_AUS,AUS
SdW_z,AUS_2019,AUS,0.191709370220594,0.0175242111191285,0.781792881007029,45,8,3,1008,CV1_AUS,AUS
SdW_z,AUS_2017,AUS,0.146789802586595,0.28941268914656,0.474686145272304,74,8,4,1008,CV1_AUS,AUS
SdW_z,AUS_2018,AUS,0.159673200420328,0.101531553679238,0.526968091236306,96,8,4,1008,CV1_AUS,AUS
SdW_z,AUS_2019,AUS,-0.0235174199755476,-0.11305404821146,0.65097434825756,57,8,4,1008,CV1_AUS,AUS
SdW_z,AUS_2017,AUS,0.209109376579678,0.316539481499222,0.46160785372416,77,8,5,1008,CV1_AUS,AUS
SdW_z,AUS_2018,AUS,0.370273253750878,0.381384109896235,0.658072701406681,98,8,5,1008,CV1_AUS,AUS
SdW_z,AUS_2019,AUS,0.180052524996841,0.0677818445557363,0.737911893567231,41,8,5,1008,CV1_AUS,AUS
SdW_z,AUS_2017,AUS,0.168164313567585,0.274199589233236,0.37926100396749,69,9,1,1009,CV1_AUS,AUS
SdW_z,AUS_2018,AUS,0.254017623412463,0.161734247881528,0.607383257341031,97,9,1,1009,CV1_AUS,AUS
SdW_z,AUS_2019,AUS,0.115134507978788,0.0386092970095581,0.685472533814003,50,9,1,1009,CV1_AUS,AUS
SdW_z,AUS_2017,AUS,0.105166126376344,0.226101354447603,0.422762980161438,79,9,2,1009,CV1_AUS,AUS
SdW_z,AUS_2018,AUS,0.170649647351544,0.208127755505437,0.480177635238455,102,9,2,1009,CV1_AUS,AUS
SdW_z,AUS_2019,AUS,0.161173675071989,0.0533172233193286,0.717918951158288,43,9,2,1009,CV1_AUS,AUS
SdW_z,AUS_2017,AUS,0.132692868443261,0.238416207364657,0.337908948849473,78,9,3,1009,CV1_AUS,AUS
SdW_z,AUS_2018,AUS,0.365007663968311,0.299793745936558,0.774002605813061,91,9,3,1009,CV1_AUS,AUS
SdW_z,AUS_2019,AUS,0.332064058677438,0.206343489699085,0.783802424422164,50,9,3,1009,CV1_AUS,AUS
SdW_z,AUS_2017,AUS,0.264991283604721,0.381873833816413,0.473046718621146,78,9,4,1009,CV1_AUS,AUS
SdW_z,AUS_2018,AUS,0.53131730202097,0.392333667567598,0.778076822377042,99,9,4,1009,CV1_AUS,AUS
SdW_z,AUS_2019,AUS,0.138691565803922,-0.0879454970952339,0.70003770359796,48,9,4,1009,CV1_AUS,AUS
SdW_z,AUS_2017,AUS,0.294210050439327,0.27514040485139,0.486997833113128,62,9,5,1009,CV1_AUS,AUS
SdW_z,AUS_2018,AUS,0.43926504944796,0.429533350005196,0.576741787946347,95,9,5,1009,CV1_AUS,AUS
SdW_z,AUS_2019,AUS,0.196681334977243,0.0007143221602236,0.732249166041605,49,9,5,1009,CV1_AUS,AUS
SdW_z,AUS_2017,AUS,0.163349477388884,0.272333910325272,0.437340369746504,76,10,1,1010,CV1_AUS,AUS
SdW_z,AUS_2018,AUS,0.434606966241681,0.47189263300755,0.659260897732054,98,10,1,1010,CV1_AUS,AUS
SdW_z,AUS_2019,AUS,0.397831690557095,0.178849271251761,0.827868104433563,42,10,1,1010,CV1_AUS,AUS
SdW_z,AUS_2017,AUS,0.209218706178941,0.408583096447094,0.443741095704606,69,10,2,1010,CV1_AUS,AUS
SdW_z,AUS_2018,AUS,0.350605368138902,0.315495328625164,0.676629103308843,97,10,2,1010,CV1_AUS,AUS
SdW_z,AUS_2019,AUS,0.223001541466579,0.0225984980219921,0.726995684879924,45,10,2,1010,CV1_AUS,AUS
SdW_z,AUS_2017,AUS,0.165458524558113,0.286664520065394,0.389094203967923,77,10,3,1010,CV1_AUS,AUS
SdW_z,AUS_2018,AUS,0.334852280681597,0.253070827473121,0.667104597013632,104,10,3,1010,CV1_AUS,AUS
SdW_z,AUS_2019,AUS,0.0950307285732009,-0.0064758850499383,0.711409002816881,46,10,3,1010,CV1_AUS,AUS
SdW_z,AUS_2017,AUS,0.27774083298654,0.327483334427064,0.489313815477344,70,10,4,1010,CV1_AUS,AUS
SdW_z,AUS_2018,AUS,0.403298470792104,0.302124405838787,0.793810226716155,93,10,4,1010,CV1_AUS,AUS
SdW_z,AUS_2019,AUS,0.0415457632969162,-0.0552576206782539,0.614416378547958,51,10,4,1010,CV1_AUS,AUS
SdW_z,AUS_2017,AUS,0.147985084657134,0.181781829625951,0.46931734315935,74,10,5,1010,CV1_AUS,AUS
SdW_z,AUS_2018,AUS,0.242675300679467,0.135384354903856,0.634729220026393,92,10,5,1010,CV1_AUS,AUS
SdW_z,AUS_2019,AUS,0.252038634597201,0.140894176870634,0.726563136567112,56,10,5,1010,CV1_AUS,AUS
SdW_z,AUS_2017,AUS,0.248928904304764,0.235258399492617,0.490192514717132,74,11,1,1011,CV1_AUS,AUS
SdW_z,AUS_2018,AUS,0.363603179092746,0.233696734533662,0.77603344017869,91,11,1,1011,CV1_AUS,AUS
SdW_z,AUS_2019,AUS,0.104958985639359,-0.0067802554546481,0.707100130638678,59,11,1,1011,CV1_AUS,AUS
SdW_z,AUS_2017,AUS,0.326864445196028,0.444673836846568,0.560520835189119,69,11,2,1011,CV1_AUS,AUS
SdW_z,AUS_2018,AUS,0.244683136429054,0.20372511152648,0.478847714210461,105,11,2,1011,CV1_AUS,AUS
SdW_z,AUS_2019,AUS,0.258864530980671,0.128457992271519,0.847410926521996,52,11,2,1011,CV1_AUS,AUS
SdW_z,AUS_2017,AUS,0.150148477075779,0.243732741193755,0.472112423724465,73,11,3,1011,CV1_AUS,AUS
SdW_z,AUS_2018,AUS,0.360281154453628,0.292234124429113,0.632344096753916,98,11,3,1011,CV1_AUS,AUS
SdW_z,AUS_2019,AUS,0.160140611616205,0.0625330429160995,0.762348147315969,43,11,3,1011,CV1_AUS,AUS
SdW_z,AUS_2017,AUS,0.267325229050489,0.380477005383378,0.47045582564503,68,11,4,1011,CV1_AUS,AUS
SdW_z,AUS_2018,AUS,0.502857973487318,0.450165108145519,0.764356544240494,92,11,4,1011,CV1_AUS,AUS
SdW_z,AUS_2019,AUS,0.254087200134428,0.203066082447804,0.742003730397561,44,11,4,1011,CV1_AUS,AUS
SdW_z,AUS_2017,AUS,0.0488509247106329,0.218465992784075,0.3199638902374,82,11,5,1011,CV1_AUS,AUS
SdW_z,AUS_2018,AUS,0.311488629456527,0.259406143132118,0.736487153685784,98,11,5,1011,CV1_AUS,AUS
SdW_z,AUS_2019,AUS,0.213752435254739,0.0508103729383118,0.719245054053271,42,11,5,1011,CV1_AUS,AUS
SdW_z,AUS_2017,AUS,0.0850489210530188,0.213495565552969,0.360757215960607,69,12,1,1012,CV1_AUS,AUS
SdW_z,AUS_2018,AUS,0.308880260692079,0.287273542885117,0.725900114654177,101,12,1,1012,CV1_AUS,AUS
SdW_z,AUS_2019,AUS,0.130494737207299,-0.0440110690340838,0.662187702299072,45,12,1,1012,CV1_AUS,AUS
SdW_z,AUS_2017,AUS,0.198375684213475,0.309084695506467,0.477708086755416,76,12,2,1012,CV1_AUS,AUS
SdW_z,AUS_2018,AUS,0.26326599816519,0.186977537575626,0.597370712529441,94,12,2,1012,CV1_AUS,AUS
SdW_z,AUS_2019,AUS,0.21565594816244,0.0659987501897961,0.726212033382947,53,12,2,1012,CV1_AUS,AUS
SdW_z,AUS_2017,AUS,0.184574630478759,0.293196682573582,0.394202734265401,69,12,3,1012,CV1_AUS,AUS
SdW_z,AUS_2018,AUS,0.359125527395441,0.291691231414797,0.626220635228843,92,12,3,1012,CV1_AUS,AUS
SdW_z,AUS_2019,AUS,0.181265367014233,0.0854909625099182,0.714997697074175,48,12,3,1012,CV1_AUS,AUS
SdW_z,AUS_2017,AUS,0.256599392466718,0.342310689721505,0.508873320027348,76,12,4,1012,CV1_AUS,AUS
SdW_z,AUS_2018,AUS,0.435738553070815,0.372972237861338,0.690704223307651,99,12,4,1012,CV1_AUS,AUS
SdW_z,AUS_2019,AUS,0.0557359917035301,-0.052270198407178,0.716651999529802,48,12,4,1012,CV1_AUS,AUS
SdW_z,AUS_2017,AUS,0.183238685760019,0.301661849278351,0.498367278665464,76,12,5,1012,CV1_AUS,AUS
SdW_z,AUS_2018,AUS,0.365816907567413,0.265204043875866,0.638840825997798,98,12,5,1012,CV1_AUS,AUS
SdW_z,AUS_2019,AUS,0.365404987689215,0.173189009900207,0.748479119825554,46,12,5,1012,CV1_AUS,AUS
SdW_z,AUS_2017,AUS,0.205074313640488,0.256123933302713,0.345803575976293,78,13,1,1013,CV1_AUS,AUS
SdW_z,AUS_2018,AUS,0.356006430093115,0.268121088162208,0.739764095537848,97,13,1,1013,CV1_AUS,AUS
SdW_z,AUS_2019,AUS,0.123572119088503,0.0539826629147719,0.640900275704926,50,13,1,1013,CV1_AUS,AUS
SdW_z,AUS_2017,AUS,0.0490602743075867,0.110704886829586,0.390232682480176,75,13,2,1013,CV1_AUS,AUS
SdW_z,AUS_2018,AUS,0.285814120078672,0.34559818577557,0.576111376211664,100,13,2,1013,CV1_AUS,AUS
SdW_z,AUS_2019,AUS,-0.131595515739113,0.030489132830872,0.623547213106312,41,13,2,1013,CV1_AUS,AUS
SdW_z,AUS_2017,AUS,0.232053047381582,0.243216675994331,0.58019946318006,68,13,3,1013,CV1_AUS,AUS
SdW_z,AUS_2018,AUS,0.43616405049164,0.299591075988644,0.683124742620317,94,13,3,1013,CV1_AUS,AUS
SdW_z,AUS_2019,AUS,0.260614127437137,0.0106792162650628,0.840950376807191,51,13,3,1013,CV1_AUS,AUS
SdW_z,AUS_2017,AUS,0.21867368334239,0.432804911859557,0.480424039452477,68,13,4,1013,CV1_AUS,AUS
SdW_z,AUS_2018,AUS,0.194413090223512,0.214290801873353,0.514394058164116,96,13,4,1013,CV1_AUS,AUS
SdW_z,AUS_2019,AUS,-0.0373556960671779,-0.119072582193972,0.618936672905141,53,13,4,1013,CV1_AUS,AUS
SdW_z,AUS_2017,AUS,0.171901390758606,0.364789632171984,0.429737113774622,77,13,5,1013,CV1_AUS,AUS
SdW_z,AUS_2018,AUS,0.446419883961284,0.322309159301372,0.663890932064102,97,13,5,1013,CV1_AUS,AUS
SdW_z,AUS_2019,AUS,0.529442635811544,0.468015021768004,0.834506647780971,45,13,5,1013,CV1_AUS,AUS
SdW_z,AUS_2017,AUS,0.133132130132349,0.312171906870436,0.44163988497422,70,14,1,1014,CV1_AUS,AUS
SdW_z,AUS_2018,AUS,0.51320011466406,0.467490538526223,0.734592528502086,96,14,1,1014,CV1_AUS,AUS
SdW_z,AUS_2019,AUS,0.144492964079658,-0.097763544165334,0.739530716087412,48,14,1,1014,CV1_AUS,AUS
SdW_z,AUS_2017,AUS,0.0533804024564928,0.165106931143075,0.334184208219764,72,14,2,1014,CV1_AUS,AUS
SdW_z,AUS_2018,AUS,0.387503453249463,0.355347129214951,0.697084387168125,100,14,2,1014,CV1_AUS,AUS
SdW_z,AUS_2019,AUS,0.119169232876834,-0.0471894530321425,0.635730414003885,47,14,2,1014,CV1_AUS,AUS
SdW_z,AUS_2017,AUS,0.284367994588195,0.362400372635136,0.518705769744079,70,14,3,1014,CV1_AUS,AUS
SdW_z,AUS_2018,AUS,0.297048579887406,0.229703829703118,0.553610278584148,97,14,3,1014,CV1_AUS,AUS
SdW_z,AUS_2019,AUS,0.272147016524762,0.101328903654485,0.765148712939616,43,14,3,1014,CV1_AUS,AUS
SdW_z,AUS_2017,AUS,0.232213543057581,0.272698502566251,0.425094282435357,79,14,4,1014,CV1_AUS,AUS
SdW_z,AUS_2018,AUS,0.378204956929464,0.315746281221755,0.616639144174272,93,14,4,1014,CV1_AUS,AUS
SdW_z,AUS_2019,AUS,0.311246517894233,0.0919175915491749,0.823785481706571,50,14,4,1014,CV1_AUS,AUS
SdW_z,AUS_2017,AUS,0.221214976867401,0.403121066271071,0.48654303690361,75,14,5,1014,CV1_AUS,AUS
SdW_z,AUS_2018,AUS,0.222941689886426,0.150279582702618,0.704102522333709,98,14,5,1014,CV1_AUS,AUS
SdW_z,AUS_2019,AUS,0.10260855858618,0.185792350404005,0.616113477598253,52,14,5,1014,CV1_AUS,AUS
SdW_z,AUS_2017,AUS,0.0485029256246454,0.107791082933763,0.389136037069019,74,15,1,1015,CV1_AUS,AUS
SdW_z,AUS_2018,AUS,0.344382091553961,0.263995003164206,0.741090688005767,97,15,1,1015,CV1_AUS,AUS
SdW_z,AUS_2019,AUS,0.0677639201788762,-0.0011257035647279,0.717996093188804,40,15,1,1015,CV1_AUS,AUS
SdW_z,AUS_2017,AUS,-0.098972952395959,0.0485308081241709,0.195670890474577,79,15,2,1015,CV1_AUS,AUS
SdW_z,AUS_2018,AUS,0.147504560414142,0.201174486474004,0.454315158749847,95,15,2,1015,CV1_AUS,AUS
SdW_z,AUS_2019,AUS,0.0530125358280239,-0.136850532170681,0.677903777824877,54,15,2,1015,CV1_AUS,AUS
SdW_z,AUS_2017,AUS,0.479190132002626,0.495530922341006,0.612766688058494,74,15,3,1015,CV1_AUS,AUS
SdW_z,AUS_2018,AUS,0.337330440757998,0.167172403113414,0.708504470267665,97,15,3,1015,CV1_AUS,AUS
SdW_z,AUS_2019,AUS,0.338927551428324,0.194443641490868,0.796017207643843,47,15,3,1015,CV1_AUS,AUS
SdW_z,AUS_2017,AUS,0.185721997974483,0.341107923202302,0.441327528635814,70,15,4,1015,CV1_AUS,AUS
SdW_z,AUS_2018,AUS,0.482118567858992,0.472893243117513,0.599793938983034,99,15,4,1015,CV1_AUS,AUS
SdW_z,AUS_2019,AUS,0.189774718190813,0.0355000679694867,0.770376779247816,48,15,4,1015,CV1_AUS,AUS
SdW_z,AUS_2017,AUS,0.276224248106738,0.28933425976118,0.594349816675279,69,15,5,1015,CV1_AUS,AUS
SdW_z,AUS_2018,AUS,0.373136038798821,0.36188641661051,0.643002527434512,96,15,5,1015,CV1_AUS,AUS
SdW_z,AUS_2019,AUS,0.282698117573516,0.203366821359666,0.734339521184666,51,15,5,1015,CV1_AUS,AUS
SdW_z,PAK_2019,PAK,0.0615737497951913,0.106264240307041,0.52533847267501,43,1,1,1001,CV1_PAK,PAK
SdW_z,PAK_2020,PAK,0.026529586837674,-0.0013787826263943,0.365195167778635,49,1,1,1001,CV1_PAK,PAK
SdW_z,PAK_2021,PAK,-0.0967646317979378,-0.116582335769463,0.559449105086061,47,1,1,1001,CV1_PAK,PAK
SdW_z,PAK_2019,PAK,0.135824893069375,0.0845158156208753,0.641355766891424,40,1,2,1001,CV1_PAK,PAK
SdW_z,PAK_2020,PAK,0.374670591342297,0.400335341188281,0.53280105162974,51,1,2,1001,CV1_PAK,PAK
SdW_z,PAK_2021,PAK,0.328872889756061,0.309220502035505,0.67420201823976,51,1,2,1001,CV1_PAK,PAK
SdW_z,PAK_2019,PAK,-0.144205017440026,-0.141371843384666,0.474531590007072,45,1,3,1001,CV1_PAK,PAK
SdW_z,PAK_2020,PAK,-0.201145117581844,-0.307863325863001,0.335718966907844,46,1,3,1001,CV1_PAK,PAK
SdW_z,PAK_2021,PAK,0.0657520449108632,0.035174379272519,0.660117067207254,48,1,3,1001,CV1_PAK,PAK
SdW_z,PAK_2019,PAK,-0.0017437505904006,0.061841406040079,0.419506272275597,38,1,4,1001,CV1_PAK,PAK
SdW_z,PAK_2020,PAK,0.160166653122935,0.160139335826642,0.47418266895202,48,1,4,1001,CV1_PAK,PAK
SdW_z,PAK_2021,PAK,0.172959091924404,0.172448885926274,0.432119587331151,46,1,4,1001,CV1_PAK,PAK
SdW_z,PAK_2019,PAK,-0.172245303976588,-0.151336683470204,0.509579829723138,33,1,5,1001,CV1_PAK,PAK
SdW_z,PAK_2020,PAK,0.255578241302748,0.341320475271445,0.41604370859492,48,1,5,1001,CV1_PAK,PAK
SdW_z,PAK_2021,PAK,-0.0591892133481728,-0.093448217447359,0.42846576634381,47,1,5,1001,CV1_PAK,PAK
SdW_z,PAK_2019,PAK,0.0580548088501163,0.029562495768747,0.422615913213634,41,2,1,1002,CV1_PAK,PAK
SdW_z,PAK_2020,PAK,0.184377735947053,0.196244666488346,0.511034839328567,51,2,1,1002,CV1_PAK,PAK
SdW_z,PAK_2021,PAK,-0.116298370906111,-0.0980316832039793,0.381554024686072,52,2,1,1002,CV1_PAK,PAK
SdW_z,PAK_2019,PAK,0.337556162869141,0.235019137714019,0.587543228509076,32,2,2,1002,CV1_PAK,PAK
SdW_z,PAK_2020,PAK,0.0343051743197027,0.110371828375047,0.443124945553966,48,2,2,1002,CV1_PAK,PAK
SdW_z,PAK_2021,PAK,-0.0096792113230503,-0.103222662158274,0.524604515198014,48,2,2,1002,CV1_PAK,PAK
SdW_z,PAK_2019,PAK,-0.0150125828635511,0.0475659821313643,0.554568205697639,35,2,3,1002,CV1_PAK,PAK
SdW_z,PAK_2020,PAK,-0.33609540504251,-0.247002766980939,0.539115603592403,43,2,3,1002,CV1_PAK,PAK
SdW_z,PAK_2021,PAK,-0.0619080850167867,0.0359431010493738,0.467368568743424,48,2,3,1002,CV1_PAK,PAK
SdW_z,PAK_2019,PAK,-0.036062027208626,-0.0099841996249791,0.503414088319531,45,2,4,1002,CV1_PAK,PAK
SdW_z,PAK_2020,PAK,0.0898877855512281,0.120002506918623,0.449985220317803,53,2,4,1002,CV1_PAK,PAK
SdW_z,PAK_2021,PAK,0.0608492207816327,0.119317434162763,0.637166320868347,45,2,4,1002,CV1_PAK,PAK
SdW_z,PAK_2019,PAK,-0.233506675321965,-0.177440353463419,0.4543322261291,46,2,5,1002,CV1_PAK,PAK
SdW_z,PAK_2020,PAK,0.148418151734356,0.0959306657940947,0.396580720111698,47,2,5,1002,CV1_PAK,PAK
SdW_z,PAK_2021,PAK,0.337670627074232,0.383384218497039,0.710812172092726,46,2,5,1002,CV1_PAK,PAK
SdW_z,PAK_2019,PAK,-0.0363854974482546,0.014824669952668,0.346084854345428,42,3,1,1003,CV1_PAK,PAK
SdW_z,PAK_2020,PAK,-0.0004405137839558,0.0161768593659569,0.348338021314806,53,3,1,1003,CV1_PAK,PAK
SdW_z,PAK_2021,PAK,0.0027601449594506,0.06033995422088,0.440737376745167,51,3,1,1003,CV1_PAK,PAK
SdW_z,PAK_2019,PAK,-0.0669492645710307,-0.163067111838204,0.563834279085082,44,3,2,1003,CV1_PAK,PAK
SdW_z,PAK_2020,PAK,0.125205540338186,0.13519708618286,0.426704976814341,51,3,2,1003,CV1_PAK,PAK
SdW_z,PAK_2021,PAK,-0.0219974516021123,0.0447830254399558,0.504442189019096,46,3,2,1003,CV1_PAK,PAK
SdW_z,PAK_2019,PAK,0.106127801404855,0.0599751467347666,0.574864912891054,39,3,3,1003,CV1_PAK,PAK
SdW_z,PAK_2020,PAK,0.176809116026832,0.22020111826746,0.539181861374103,49,3,3,1003,CV1_PAK,PAK
SdW_z,PAK_2021,PAK,0.451456578483876,0.411832528281728,0.722159468680666,45,3,3,1003,CV1_PAK,PAK
SdW_z,PAK_2019,PAK,-0.0925155478137328,0.0221390904292795,0.579357939495122,37,3,4,1003,CV1_PAK,PAK
SdW_z,PAK_2020,PAK,-0.0396831535325554,-0.0525327176011702,0.38358080620828,45,3,4,1003,CV1_PAK,PAK
SdW_z,PAK_2021,PAK,-0.164636739862409,-0.119174280894076,0.569384319341569,47,3,4,1003,CV1_PAK,PAK
SdW_z,PAK_2019,PAK,-0.152499410354377,-0.0856741098970015,0.451302755125652,37,3,5,1003,CV1_PAK,PAK
SdW_z,PAK_2020,PAK,-0.0159438194384243,0.01906379231996,0.517701169575056,44,3,5,1003,CV1_PAK,PAK
SdW_z,PAK_2021,PAK,0.0357017799825383,0.084149858334402,0.746702711855844,50,3,5,1003,CV1_PAK,PAK
SdW_z,PAK_2019,PAK,-0.0011325242395673,0.0457793797160747,0.46862201244369,40,4,1,1004,CV1_PAK,PAK
SdW_z,PAK_2020,PAK,0.236328084705034,0.202482910084497,0.566648324879459,48,4,1,1004,CV1_PAK,PAK
SdW_z,PAK_2021,PAK,0.0807305682197555,0.0327538184169953,0.523362221141952,50,4,1,1004,CV1_PAK,PAK
SdW_z,PAK_2019,PAK,-0.0192367905125289,0.0778147448664073,0.494556611869492,41,4,2,1004,CV1_PAK,PAK
SdW_z,PAK_2020,PAK,0.0107930693974146,0.02130373303112,0.430247782964643,50,4,2,1004,CV1_PAK,PAK
SdW_z,PAK_2021,PAK,-0.042882596271945,-0.0358257566664545,0.373043570202867,48,4,2,1004,CV1_PAK,PAK
SdW_z,PAK_2019,PAK,-0.151575686516173,-0.200013980169955,0.405404504502068,39,4,3,1004,CV1_PAK,PAK
SdW_z,PAK_2020,PAK,-0.0108592200196926,-0.0242034394501859,0.465990096916573,49,4,3,1004,CV1_PAK,PAK
SdW_z,PAK_2021,PAK,0.128489574688713,0.178601370373265,0.572394005798463,47,4,3,1004,CV1_PAK,PAK
SdW_z,PAK_2019,PAK,-0.155647568671888,-0.0841833139938339,0.390970398010837,46,4,4,1004,CV1_PAK,PAK
SdW_z,PAK_2020,PAK,0.0993866611738099,0.121792492870505,0.304260360079385,47,4,4,1004,CV1_PAK,PAK
SdW_z,PAK_2021,PAK,0.0596958186322876,0.106813393272699,0.584274366850169,45,4,4,1004,CV1_PAK,PAK
SdW_z,PAK_2019,PAK,-0.289045447398231,-0.267634101125834,0.284714819808437,33,4,5,1004,CV1_PAK,PAK
SdW_z,PAK_2020,PAK,0.146981536473225,0.0964955689401601,0.484792261569012,48,4,5,1004,CV1_PAK,PAK
SdW_z,PAK_2021,PAK,0.127655804291747,0.162588353653106,0.446248386520277,49,4,5,1004,CV1_PAK,PAK
SdW_z,PAK_2019,PAK,-0.0549476305422141,0.0015454175361178,0.52992739045736,42,5,1,1005,CV1_PAK,PAK
SdW_z,PAK_2020,PAK,0.179431750819459,0.134048990314156,0.473924974623291,49,5,1,1005,CV1_PAK,PAK
SdW_z,PAK_2021,PAK,0.273901310751881,0.249253650695584,0.687599815498578,48,5,1,1005,CV1_PAK,PAK
SdW_z,PAK_2019,PAK,0.110158800657111,0.132869295237882,0.547322304250036,36,5,2,1005,CV1_PAK,PAK
SdW_z,PAK_2020,PAK,0.234132872042412,0.247222934221229,0.482795196064018,45,5,2,1005,CV1_PAK,PAK
SdW_z,PAK_2021,PAK,-0.0946577950747913,-0.074776235297414,0.499919656313147,44,5,2,1005,CV1_PAK,PAK
SdW_z,PAK_2019,PAK,-0.0390636028365003,0.0152892148914526,0.427397103733333,38,5,3,1005,CV1_PAK,PAK
SdW_z,PAK_2020,PAK,-0.106953301261733,-0.188880947041731,0.440589421753997,45,5,3,1005,CV1_PAK,PAK
SdW_z,PAK_2021,PAK,0.217691924584542,0.20395536072824,0.667223903667165,47,5,3,1005,CV1_PAK,PAK
SdW_z,PAK_2019,PAK,0.337355880750295,0.358708407932487,0.627745532257666,42,5,4,1005,CV1_PAK,PAK
SdW_z,PAK_2020,PAK,0.0455155609272661,0.0732463702411133,0.465812273213657,50,5,4,1005,CV1_PAK,PAK
SdW_z,PAK_2021,PAK,0.0550411996971179,0.0175031258373028,0.433536297481834,49,5,4,1005,CV1_PAK,PAK
SdW_z,PAK_2019,PAK,-0.339874535481964,-0.347750200194208,0.354654946064047,41,5,5,1005,CV1_PAK,PAK
SdW_z,PAK_2020,PAK,0.164258103362114,0.211271980634587,0.569821325676102,53,5,5,1005,CV1_PAK,PAK
SdW_z,PAK_2021,PAK,0.199246368763499,0.16558434317985,0.712998970073204,51,5,5,1005,CV1_PAK,PAK
SdW_z,PAK_2019,PAK,0.125574674886066,0.0671676926305759,0.555110800793325,42,6,1,1006,CV1_PAK,PAK
SdW_z,PAK_2020,PAK,0.0472119056115551,0.0251128790637486,0.47347997775451,44,6,1,1006,CV1_PAK,PAK
SdW_z,PAK_2021,PAK,-0.146286001973153,-0.140328154388798,0.40157521525311,46,6,1,1006,CV1_PAK,PAK
SdW_z,PAK_2019,PAK,-0.0392741607542676,-0.054588976954546,0.584094557506185,39,6,2,1006,CV1_PAK,PAK
SdW_z,PAK_2020,PAK,-0.0923930882987846,0.0031267735280741,0.338934954092247,51,6,2,1006,CV1_PAK,PAK
SdW_z,PAK_2021,PAK,0.110850943156247,0.119435399124433,0.55455418715184,48,6,2,1006,CV1_PAK,PAK
SdW_z,PAK_2019,PAK,-0.133558129699994,-0.104317571362873,0.376242790852958,39,6,3,1006,CV1_PAK,PAK
SdW_z,PAK_2020,PAK,0.192101955602956,0.11725814062439,0.506984892844329,51,6,3,1006,CV1_PAK,PAK
SdW_z,PAK_2021,PAK,0.0083757841251399,0.0466138473019523,0.566075382048144,47,6,3,1006,CV1_PAK,PAK
SdW_z,PAK_2019,PAK,-0.187639550178798,-0.139863949454567,0.527680612745344,42,6,4,1006,CV1_PAK,PAK
SdW_z,PAK_2020,PAK,-0.0493532564371538,-0.0644775995106227,0.387926011375201,48,6,4,1006,CV1_PAK,PAK
SdW_z,PAK_2021,PAK,-0.0259742037026103,0.0370445965802861,0.631469597798935,49,6,4,1006,CV1_PAK,PAK
SdW_z,PAK_2019,PAK,-0.113542002437887,0.127754543608099,0.402887656936288,37,6,5,1006,CV1_PAK,PAK
SdW_z,PAK_2020,PAK,0.284061172612508,0.363562403980285,0.591072226046955,48,6,5,1006,CV1_PAK,PAK
SdW_z,PAK_2021,PAK,0.219351633770358,0.25266005616338,0.661906966407252,49,6,5,1006,CV1_PAK,PAK
SdW_z,PAK_2019,PAK,0.0120148269039742,-0.0887518957517654,0.573709568744457,35,7,1,1007,CV1_PAK,PAK
SdW_z,PAK_2020,PAK,0.345248934655825,0.408231561450235,0.478063335309884,44,7,1,1007,CV1_PAK,PAK
SdW_z,PAK_2021,PAK,0.173221225685446,0.115503637533009,0.632117816785815,47,7,1,1007,CV1_PAK,PAK
SdW_z,PAK_2019,PAK,0.033558833530426,0.0242970874820327,0.528545086902993,43,7,2,1007,CV1_PAK,PAK
SdW_z,PAK_2020,PAK,-0.0982722600091747,-0.100603256029155,0.368651988821973,44,7,2,1007,CV1_PAK,PAK
SdW_z,PAK_2021,PAK,0.175110977468658,0.131599354461284,0.642898982966862,44,7,2,1007,CV1_PAK,PAK
SdW_z,PAK_2019,PAK,-0.0133611019577157,-0.0672697591118604,0.429428874523205,41,7,3,1007,CV1_PAK,PAK
SdW_z,PAK_2020,PAK,0.214965653140833,0.200221491121349,0.526546835112767,50,7,3,1007,CV1_PAK,PAK
SdW_z,PAK_2021,PAK,0.115659181664812,0.172293997324137,0.694945969537087,48,7,3,1007,CV1_PAK,PAK
SdW_z,PAK_2019,PAK,-0.302075378868142,-0.149525546824496,0.340984975244288,39,7,4,1007,CV1_PAK,PAK
SdW_z,PAK_2020,PAK,0.152305705602533,0.185326774048381,0.420946306498718,50,7,4,1007,CV1_PAK,PAK
SdW_z,PAK_2021,PAK,-0.0778253256196218,-0.0346200844933835,0.393029699948717,51,7,4,1007,CV1_PAK,PAK
SdW_z,PAK_2019,PAK,0.0062378130540763,0.0923325578078869,0.393489429219877,41,7,5,1007,CV1_PAK,PAK
SdW_z,PAK_2020,PAK,-0.152301065434826,-0.115019305759179,0.304495184066428,54,7,5,1007,CV1_PAK,PAK
SdW_z,PAK_2021,PAK,-0.0969627921785089,-0.0543464402820042,0.489516308799068,49,7,5,1007,CV1_PAK,PAK
SdW_z,PAK_2019,PAK,-0.144213737545625,-0.0930069506738024,0.391974376775027,38,8,1,1008,CV1_PAK,PAK
SdW_z,PAK_2020,PAK,0.125330480579042,0.136027064301406,0.580382899293289,49,8,1,1008,CV1_PAK,PAK
SdW_z,PAK_2021,PAK,0.204598714231158,0.148853457990763,0.65063459524258,45,8,1,1008,CV1_PAK,PAK
SdW_z,PAK_2019,PAK,0.0967985565253815,0.102129886686263,0.524410361060348,41,8,2,1008,CV1_PAK,PAK
SdW_z,PAK_2020,PAK,-0.177727251718004,-0.172423523804952,0.238400563205729,49,8,2,1008,CV1_PAK,PAK
SdW_z,PAK_2021,PAK,0.031397842435586,0.0572557562351813,0.467491595844176,53,8,2,1008,CV1_PAK,PAK
SdW_z,PAK_2019,PAK,-0.16829330186165,-0.106227050733549,0.437999853161232,43,8,3,1008,CV1_PAK,PAK
SdW_z,PAK_2020,PAK,0.190194522269879,0.165806557376392,0.451013458935325,48,8,3,1008,CV1_PAK,PAK
SdW_z,PAK_2021,PAK,0.17196964707674,0.14753137880388,0.42946507778522,46,8,3,1008,CV1_PAK,PAK
SdW_z,PAK_2019,PAK,-0.315927075035722,-0.265724165330428,0.379938612447821,38,8,4,1008,CV1_PAK,PAK
SdW_z,PAK_2020,PAK,-0.0575145054750238,-0.0782722126126713,0.418935681744035,49,8,4,1008,CV1_PAK,PAK
SdW_z,PAK_2021,PAK,0.0276141388312135,0.0545605911703671,0.515076846789041,52,8,4,1008,CV1_PAK,PAK
SdW_z,PAK_2019,PAK,-0.092183409615356,-0.0504982426862524,0.436822271228031,39,8,5,1008,CV1_PAK,PAK
SdW_z,PAK_2020,PAK,0.0480101679589847,0.0826049814402002,0.404624514412206,47,8,5,1008,CV1_PAK,PAK
SdW_z,PAK_2021,PAK,0.0282088425973808,-0.020617778642627,0.625182241874572,43,8,5,1008,CV1_PAK,PAK
SdW_z,PAK_2019,PAK,0.0988030489322244,0.15162464578609,0.453104623072119,38,9,1,1009,CV1_PAK,PAK
SdW_z,PAK_2020,PAK,0.195812670639447,0.243317164515998,0.624984039598977,49,9,1,1009,CV1_PAK,PAK
SdW_z,PAK_2021,PAK,0.0065178147394547,0.038324783893894,0.45504650931779,48,9,1,1009,CV1_PAK,PAK
SdW_z,PAK_2019,PAK,0.0549845170065902,-0.0793989900869857,0.549292017290148,35,9,2,1009,CV1_PAK,PAK
SdW_z,PAK_2020,PAK,-0.0946971339000335,-0.202673863933779,0.307202777103039,47,9,2,1009,CV1_PAK,PAK
SdW_z,PAK_2021,PAK,0.0989956664260856,0.0568714542182293,0.566105073349479,46,9,2,1009,CV1_PAK,PAK
SdW_z,PAK_2019,PAK,-0.0979194287862192,-0.0615014705126994,0.364925793367906,43,9,3,1009,CV1_PAK,PAK
SdW_z,PAK_2020,PAK,0.299477367297568,0.289521686932029,0.426279730518985,45,9,3,1009,CV1_PAK,PAK
SdW_z,PAK_2021,PAK,-0.0010419130118202,0.0928274373179537,0.46359910717654,49,9,3,1009,CV1_PAK,PAK
SdW_z,PAK_2019,PAK,-0.139214746476917,-0.0690069358122783,0.335589011768962,45,9,4,1009,CV1_PAK,PAK
SdW_z,PAK_2020,PAK,0.113147410857501,0.0714072756164136,0.330995143467097,48,9,4,1009,CV1_PAK,PAK
SdW_z,PAK_2021,PAK,0.176411637263407,0.170106967615947,0.626685998201836,47,9,4,1009,CV1_PAK,PAK
SdW_z,PAK_2019,PAK,-0.0966604565397027,-0.0743962876299546,0.438699088082911,38,9,5,1009,CV1_PAK,PAK
SdW_z,PAK_2020,PAK,0.02871747236668,0.107731816671983,0.41566883122465,53,9,5,1009,CV1_PAK,PAK
SdW_z,PAK_2021,PAK,0.155921813986956,0.139868348834901,0.577996361844949,49,9,5,1009,CV1_PAK,PAK
SdW_z,PAK_2019,PAK,0.0708399277881528,0.045158961356426,0.60823970739658,42,10,1,1010,CV1_PAK,PAK
SdW_z,PAK_2020,PAK,0.133483235363625,0.026692681011165,0.576021385624235,51,10,1,1010,CV1_PAK,PAK
SdW_z,PAK_2021,PAK,-0.0447306027739912,0.017095658874879,0.506315824392519,50,10,1,1010,CV1_PAK,PAK
SdW_z,PAK_2019,PAK,0.0052062505883704,0.0995331739131975,0.44418766645305,42,10,2,1010,CV1_PAK,PAK
SdW_z,PAK_2020,PAK,-0.088688844952534,-0.0722753245793324,0.601149144793867,50,10,2,1010,CV1_PAK,PAK
SdW_z,PAK_2021,PAK,-0.111781484515065,-0.0769710953833826,0.541755853437833,48,10,2,1010,CV1_PAK,PAK
SdW_z,PAK_2019,PAK,-0.103068861244731,0.0111068736736657,0.548971361763606,36,10,3,1010,CV1_PAK,PAK
SdW_z,PAK_2020,PAK,0.0721892259379491,0.0359898934738079,0.471757784903651,46,10,3,1010,CV1_PAK,PAK
SdW_z,PAK_2021,PAK,0.349746412116645,0.298195908088671,0.646063635127807,47,10,3,1010,CV1_PAK,PAK
SdW_z,PAK_2019,PAK,-0.186130463668536,-0.145040271000599,0.375487231674776,38,10,4,1010,CV1_PAK,PAK
SdW_z,PAK_2020,PAK,-0.0538545230399991,0.0338889034160282,0.358755758587214,46,10,4,1010,CV1_PAK,PAK
SdW_z,PAK_2021,PAK,0.0756465758458287,0.271381264104174,0.504985812564194,44,10,4,1010,CV1_PAK,PAK
SdW_z,PAK_2019,PAK,-0.128374373463584,-0.0430185780695837,0.396329258047059,41,10,5,1010,CV1_PAK,PAK
SdW_z,PAK_2020,PAK,0.0364639289965922,0.0487580847442907,0.392061407331178,49,10,5,1010,CV1_PAK,PAK
SdW_z,PAK_2021,PAK,0.133180457169214,0.182163098615342,0.627087910965916,50,10,5,1010,CV1_PAK,PAK
SdW_z,PAK_2019,PAK,-0.0275674613639351,0.0083872147765469,0.443534961000148,40,11,1,1011,CV1_PAK,PAK
SdW_z,PAK_2020,PAK,0.0437390394899975,0.0604085408545619,0.348229235103955,48,11,1,1011,CV1_PAK,PAK
SdW_z,PAK_2021,PAK,0.0421354971463448,0.0977715063385902,0.498009509676216,48,11,1,1011,CV1_PAK,PAK
SdW_z,PAK_2019,PAK,-0.162234780057544,-0.0939029607089544,0.409845949553318,42,11,2,1011,CV1_PAK,PAK
SdW_z,PAK_2020,PAK,0.0093939951069239,0.0240836578800742,0.513495765485596,50,11,2,1011,CV1_PAK,PAK
SdW_z,PAK_2021,PAK,0.0258266676759597,-0.0023707644428224,0.655167123899547,47,11,2,1011,CV1_PAK,PAK
SdW_z,PAK_2019,PAK,-0.138329731782937,-0.16200621498115,0.354109471926864,36,11,3,1011,CV1_PAK,PAK
SdW_z,PAK_2020,PAK,-0.0769264270326758,-0.0312907549750249,0.431960008323666,48,11,3,1011,CV1_PAK,PAK
SdW_z,PAK_2021,PAK,-0.0570903980568377,-0.015740338688667,0.544493607098678,48,11,3,1011,CV1_PAK,PAK
SdW_z,PAK_2019,PAK,0.0383434423178138,0.0674001099563221,0.42899726092129,43,11,4,1011,CV1_PAK,PAK
SdW_z,PAK_2020,PAK,-0.0125047182466858,0.0636524736609591,0.403940014771673,51,11,4,1011,CV1_PAK,PAK
SdW_z,PAK_2021,PAK,-0.0885434281328421,-0.120154777150503,0.367797764522615,51,11,4,1011,CV1_PAK,PAK
SdW_z,PAK_2019,PAK,-0.14701768967578,-0.0338019202072188,0.501177641545316,38,11,5,1011,CV1_PAK,PAK
SdW_z,PAK_2020,PAK,-0.116487637765132,-0.0855051456174729,0.314414273481752,45,11,5,1011,CV1_PAK,PAK
SdW_z,PAK_2021,PAK,0.0040479397027442,0.155219554732323,0.394738205035005,45,11,5,1011,CV1_PAK,PAK
SdW_z,PAK_2019,PAK,-0.101394403542979,-0.128712145906785,0.386560964865543,39,12,1,1012,CV1_PAK,PAK
SdW_z,PAK_2020,PAK,0.122300717629154,0.123977741448769,0.461563299144653,51,12,1,1012,CV1_PAK,PAK
SdW_z,PAK_2021,PAK,0.0683050381793002,0.225601514072057,0.549599215227835,49,12,1,1012,CV1_PAK,PAK
SdW_z,PAK_2019,PAK,-0.28767423043197,-0.086585366828752,0.43720044619759,33,12,2,1012,CV1_PAK,PAK
SdW_z,PAK_2020,PAK,0.117186678822202,0.124200984827269,0.53628242507414,47,12,2,1012,CV1_PAK,PAK
SdW_z,PAK_2021,PAK,0.0326637094726409,0.141632229343926,0.430772256389509,46,12,2,1012,CV1_PAK,PAK
SdW_z,PAK_2019,PAK,0.10334111399058,0.0864166810616349,0.54848897929721,43,12,3,1012,CV1_PAK,PAK
SdW_z,PAK_2020,PAK,-0.0349293372333071,-0.0229125725223733,0.401037324404106,46,12,3,1012,CV1_PAK,PAK
SdW_z,PAK_2021,PAK,0.2289767208218,0.169741491105744,0.777835595579209,47,12,3,1012,CV1_PAK,PAK
SdW_z,PAK_2019,PAK,-0.0076348867144481,0.0073179981948049,0.573886633993319,47,12,4,1012,CV1_PAK,PAK
SdW_z,PAK_2020,PAK,0.085798277284314,0.110646955209354,0.396806127717916,54,12,4,1012,CV1_PAK,PAK
SdW_z,PAK_2021,PAK,0.0796564354266089,0.0967842681290169,0.610165825406712,50,12,4,1012,CV1_PAK,PAK
SdW_z,PAK_2019,PAK,-0.0044019400803391,-0.0148855389981061,0.51463508606182,37,12,5,1012,CV1_PAK,PAK
SdW_z,PAK_2020,PAK,0.235553216359849,0.218447117507961,0.649519895700553,44,12,5,1012,CV1_PAK,PAK
SdW_z,PAK_2021,PAK,-0.0422108530339411,0.0541212526248556,0.716521417409118,47,12,5,1012,CV1_PAK,PAK
SdW_z,PAK_2019,PAK,-0.0732774120836597,0.0163290743051217,0.449859417346587,41,13,1,1013,CV1_PAK,PAK
SdW_z,PAK_2020,PAK,0.254177486017972,0.309939903443506,0.527652209330433,47,13,1,1013,CV1_PAK,PAK
SdW_z,PAK_2021,PAK,-0.0261891271427164,0.0031620553359683,0.565809150053419,45,13,1,1013,CV1_PAK,PAK
SdW_z,PAK_2019,PAK,0.0037110304680196,0.0309175683353355,0.508041728853761,37,13,2,1013,CV1_PAK,PAK
SdW_z,PAK_2020,PAK,-0.0353439189535476,0.0079780731229418,0.435992270101805,51,13,2,1013,CV1_PAK,PAK
SdW_z,PAK_2021,PAK,-0.0029893866834175,-0.0010205123024872,0.40714713005223,49,13,2,1013,CV1_PAK,PAK
SdW_z,PAK_2019,PAK,-0.256392635902613,-0.322520315042215,0.375759745657394,37,13,3,1013,CV1_PAK,PAK
SdW_z,PAK_2020,PAK,0.147238480387035,0.306592765127222,0.378361561130427,47,13,3,1013,CV1_PAK,PAK
SdW_z,PAK_2021,PAK,0.50501286260684,0.41087859673213,0.817889893854176,48,13,3,1013,CV1_PAK,PAK
SdW_z,PAK_2019,PAK,0.026850459755395,-0.0090310730182914,0.465646397638714,42,13,4,1013,CV1_PAK,PAK
SdW_z,PAK_2020,PAK,-0.0935562482571291,-0.103982790005247,0.488083620389826,46,13,4,1013,CV1_PAK,PAK
SdW_z,PAK_2021,PAK,-0.148192397342861,-0.0562590344970485,0.426987842677781,47,13,4,1013,CV1_PAK,PAK
SdW_z,PAK_2019,PAK,0.385529428335348,0.497688083672436,0.622535177087604,42,13,5,1013,CV1_PAK,PAK
SdW_z,PAK_2020,PAK,0.161882153860409,0.122155095625157,0.506763290732411,51,13,5,1013,CV1_PAK,PAK
SdW_z,PAK_2021,PAK,0.145414490462649,0.134143415375899,0.627006653969655,50,13,5,1013,CV1_PAK,PAK
SdW_z,PAK_2019,PAK,-0.015993024573891,-0.0111817778040706,0.475740374780706,38,14,1,1014,CV1_PAK,PAK
SdW_z,PAK_2020,PAK,0.0055630989607494,0.0061683386192115,0.37966483425675,42,14,1,1014,CV1_PAK,PAK
SdW_z,PAK_2021,PAK,-0.154183499574487,-0.150093202393084,0.460033425108443,42,14,1,1014,CV1_PAK,PAK
SdW_z,PAK_2019,PAK,-0.212096353433272,-0.165251774443581,0.374730300545913,42,14,2,1014,CV1_PAK,PAK
SdW_z,PAK_2020,PAK,0.156954004369484,0.12820193137521,0.596372445195283,49,14,2,1014,CV1_PAK,PAK
SdW_z,PAK_2021,PAK,-0.0265267621140454,-0.0489833407052458,0.486029708183109,49,14,2,1014,CV1_PAK,PAK
SdW_z,PAK_2019,PAK,0.056700901152986,0.090156463278115,0.502360425770931,39,14,3,1014,CV1_PAK,PAK
SdW_z,PAK_2020,PAK,0.200243435239054,0.261750971919451,0.512101060985781,48,14,3,1014,CV1_PAK,PAK
SdW_z,PAK_2021,PAK,0.175286793771344,0.226384287650371,0.574858404691549,50,14,3,1014,CV1_PAK,PAK
SdW_z,PAK_2019,PAK,0.01493863494902,-0.066626334327282,0.572772097850002,41,14,4,1014,CV1_PAK,PAK
SdW_z,PAK_2020,PAK,0.0630204607941083,0.136834764264598,0.416401001125368,52,14,4,1014,CV1_PAK,PAK
SdW_z,PAK_2021,PAK,0.125662300300778,0.272031878951223,0.450374194874034,51,14,4,1014,CV1_PAK,PAK
SdW_z,PAK_2019,PAK,-0.0580842478824173,0.0585191006755176,0.558739387637282,39,14,5,1014,CV1_PAK,PAK
SdW_z,PAK_2020,PAK,-0.0313225645152902,0.0175232098375574,0.429245672677088,51,14,5,1014,CV1_PAK,PAK
SdW_z,PAK_2021,PAK,0.0432985101818484,0.0656932209494593,0.490580677166876,47,14,5,1014,CV1_PAK,PAK
SdW_z,PAK_2019,PAK,-0.117801376995248,0.020650171848836,0.521486298316661,43,15,1,1015,CV1_PAK,PAK
SdW_z,PAK_2020,PAK,0.145570814556572,0.165421420834371,0.383677563748636,48,15,1,1015,CV1_PAK,PAK
SdW_z,PAK_2021,PAK,0.0241188989621965,0.143575807598249,0.615102403507686,47,15,1,1015,CV1_PAK,PAK
SdW_z,PAK_2019,PAK,-0.0436635986881094,-0.0981386268409317,0.393613924377485,33,15,2,1015,CV1_PAK,PAK
SdW_z,PAK_2020,PAK,-0.0325556588605389,0.0122713673340268,0.436918922821853,47,15,2,1015,CV1_PAK,PAK
SdW_z,PAK_2021,PAK,0.213621615159652,0.217525803819131,0.706276145428965,47,15,2,1015,CV1_PAK,PAK
SdW_z,PAK_2019,PAK,-0.0125913701819551,0.0260711358336335,0.587707556134145,42,15,3,1015,CV1_PAK,PAK
SdW_z,PAK_2020,PAK,-0.158274460004197,-0.119315076467493,0.339337724782579,43,15,3,1015,CV1_PAK,PAK
SdW_z,PAK_2021,PAK,-0.299274605498832,-0.280683360593042,0.366373792314875,46,15,3,1015,CV1_PAK,PAK
SdW_z,PAK_2019,PAK,0.1122970500421,0.206046019115992,0.56736166945972,43,15,4,1015,CV1_PAK,PAK
SdW_z,PAK_2020,PAK,-0.017854502601344,0.0628164681606919,0.331383907452836,53,15,4,1015,CV1_PAK,PAK
SdW_z,PAK_2021,PAK,-0.0172775365176341,0.0317403623055461,0.465897642868513,49,15,4,1015,CV1_PAK,PAK
SdW_z,PAK_2019,PAK,-0.204325714696206,-0.228259955396351,0.48992320912869,38,15,5,1015,CV1_PAK,PAK
SdW_z,PAK_2020,PAK,0.17625788812831,0.254127241036482,0.493511590957291,51,15,5,1015,CV1_PAK,PAK
SdW_z,PAK_2021,PAK,0.0135360611029218,0.169452454454207,0.472945367923995,50,15,5,1015,CV1_PAK,PAK
TGW,AUS_2018,AUS,0.491726372888018,0.483206505887725,0.893811863259243,101,1,1,1001,CV1_AUS,AUS
TGW,AUS_2019,AUS,0.221704961222706,0.277574494543157,0.774255463679302,41,1,1,1001,CV1_AUS,AUS
TGW,AUS_2018,AUS,0.553344169516355,0.577887504069977,0.834254138603186,89,1,2,1001,CV1_AUS,AUS
TGW,AUS_2019,AUS,0.459932793701673,0.425173698932164,0.848399459992663,51,1,2,1001,CV1_AUS,AUS
TGW,AUS_2018,AUS,0.452329676820574,0.490491742724495,0.822316354871261,94,1,3,1001,CV1_AUS,AUS
TGW,AUS_2019,AUS,0.239266987464499,0.210051144685001,0.695524686434453,50,1,3,1001,CV1_AUS,AUS
TGW,AUS_2018,AUS,0.439651254678237,0.421471454468717,0.809145455086055,98,1,4,1001,CV1_AUS,AUS
TGW,AUS_2019,AUS,0.397963608776942,0.425190481040557,0.833283204017575,42,1,4,1001,CV1_AUS,AUS
TGW,AUS_2018,AUS,0.530495010762211,0.541421213152748,0.782850293089323,96,1,5,1001,CV1_AUS,AUS
TGW,AUS_2019,AUS,0.133073600818654,0.11380656587019,0.686672971473757,47,1,5,1001,CV1_AUS,AUS
TGW,AUS_2018,AUS,0.365778855092608,0.363892756586429,0.775507406506569,93,2,1,1002,CV1_AUS,AUS
TGW,AUS_2019,AUS,0.274553938391922,0.299908208350857,0.720385939784467,52,2,1,1002,CV1_AUS,AUS
TGW,AUS_2018,AUS,0.568827112639977,0.591952940092838,0.830457146279012,101,2,2,1002,CV1_AUS,AUS
TGW,AUS_2019,AUS,0.411121852677127,0.247321196164541,0.875191592613697,41,2,2,1002,CV1_AUS,AUS
TGW,AUS_2018,AUS,0.528822074620025,0.56193720022436,0.86865845762965,100,2,3,1002,CV1_AUS,AUS
TGW,AUS_2019,AUS,0.174743978750964,0.0974221515316943,0.65872462734365,38,2,3,1002,CV1_AUS,AUS
TGW,AUS_2018,AUS,0.487281834755415,0.503785964101387,0.727158349088861,94,2,4,1002,CV1_AUS,AUS
TGW,AUS_2019,AUS,0.146443053030379,0.175476796574302,0.637205447680722,53,2,4,1002,CV1_AUS,AUS
TGW,AUS_2018,AUS,0.491512971926892,0.509199273394433,0.699619916081409,90,2,5,1002,CV1_AUS,AUS
TGW,AUS_2019,AUS,0.308170465015403,0.344213479568125,0.662250855067211,47,2,5,1002,CV1_AUS,AUS
TGW,AUS_2018,AUS,0.379383217721533,0.39678137290405,0.712072454488286,98,3,1,1003,CV1_AUS,AUS
TGW,AUS_2019,AUS,0.0599855574276208,0.0382278787723455,0.578994137783269,50,3,1,1003,CV1_AUS,AUS
TGW,AUS_2018,AUS,0.556273095806801,0.544461246017088,0.853623913595567,95,3,2,1003,CV1_AUS,AUS
TGW,AUS_2019,AUS,0.411161723482382,0.336058644444054,0.829405053487843,44,3,2,1003,CV1_AUS,AUS
TGW,AUS_2018,AUS,0.569902520877596,0.609059588856482,0.882113061604972,97,3,3,1003,CV1_AUS,AUS
TGW,AUS_2019,AUS,0.342939677800762,0.247636486050923,0.792932860647861,41,3,3,1003,CV1_AUS,AUS
TGW,AUS_2018,AUS,0.591874613245589,0.615374204176006,0.768028882763905,91,3,4,1003,CV1_AUS,AUS
TGW,AUS_2019,AUS,0.396373395373149,0.424818154712884,0.699570974291236,48,3,4,1003,CV1_AUS,AUS
TGW,AUS_2018,AUS,0.402343068646367,0.402681611465432,0.660600107242548,97,3,5,1003,CV1_AUS,AUS
TGW,AUS_2019,AUS,0.288826161468492,0.313175184653626,0.627667353765298,48,3,5,1003,CV1_AUS,AUS
TGW,AUS_2018,AUS,0.405137677061091,0.457189329754054,0.759954089416824,93,4,1,1004,CV1_AUS,AUS
TGW,AUS_2019,AUS,0.102108878638524,0.152346191755227,0.574261400539373,50,4,1,1004,CV1_AUS,AUS
TGW,AUS_2018,AUS,0.500645694498548,0.490799724069835,0.862519180989331,92,4,2,1004,CV1_AUS,AUS
TGW,AUS_2019,AUS,0.334399098918239,0.275737219709412,0.732358300053519,51,4,2,1004,CV1_AUS,AUS
TGW,AUS_2018,AUS,0.619910772540579,0.620287875926974,0.884057000159907,97,4,3,1004,CV1_AUS,AUS
TGW,AUS_2019,AUS,0.473426213289837,0.441366098353933,0.822396207079949,41,4,3,1004,CV1_AUS,AUS
TGW,AUS_2018,AUS,0.583790592172813,0.580530897794095,0.737127354591834,103,4,4,1004,CV1_AUS,AUS
TGW,AUS_2019,AUS,0.314488730467446,0.270880366172599,0.764753025256343,50,4,4,1004,CV1_AUS,AUS
TGW,AUS_2018,AUS,0.396705264837458,0.425477309260052,0.762698144735032,93,4,5,1004,CV1_AUS,AUS
TGW,AUS_2019,AUS,0.391818703304672,0.333198380566802,0.835374104407253,39,4,5,1004,CV1_AUS,AUS
TGW,AUS_2018,AUS,0.461822235883885,0.475959118183216,0.629416630255392,98,5,1,1005,CV1_AUS,AUS
TGW,AUS_2019,AUS,0.24543489672415,0.284400899861433,0.70968335172144,53,5,1,1005,CV1_AUS,AUS
TGW,AUS_2018,AUS,0.710303433384879,0.687652697416053,0.928796265235288,92,5,2,1005,CV1_AUS,AUS
TGW,AUS_2019,AUS,0.52033314027458,0.480062094533479,0.784156944681985,55,5,2,1005,CV1_AUS,AUS
TGW,AUS_2018,AUS,0.418254097299776,0.443205377269312,0.766826647663345,92,5,3,1005,CV1_AUS,AUS
TGW,AUS_2019,AUS,0.337620844581563,0.349918963871818,0.703655125948777,42,5,3,1005,CV1_AUS,AUS
TGW,AUS_2018,AUS,0.425898913932811,0.445305494910737,0.869890308514579,99,5,4,1005,CV1_AUS,AUS
TGW,AUS_2019,AUS,0.244780146623014,0.25984411510794,0.77418155185557,39,5,4,1005,CV1_AUS,AUS
TGW,AUS_2018,AUS,0.541042915830593,0.561263811628055,0.764359097470808,97,5,5,1005,CV1_AUS,AUS
TGW,AUS_2019,AUS,0.0420275487576006,0.0611831444472494,0.675579709058069,42,5,5,1005,CV1_AUS,AUS
TGW,AUS_2018,AUS,0.536827085248844,0.562056127950944,0.866968096327734,96,6,1,1006,CV1_AUS,AUS
TGW,AUS_2019,AUS,0.351461938234055,0.372629772181072,0.769528673331177,51,6,1,1006,CV1_AUS,AUS
TGW,AUS_2018,AUS,0.355497233026141,0.378087558273204,0.722615036182959,89,6,2,1006,CV1_AUS,AUS
TGW,AUS_2019,AUS,0.355759563588485,0.369095092082172,0.681571517410513,40,6,2,1006,CV1_AUS,AUS
TGW,AUS_2018,AUS,0.511439908011515,0.537422887707715,0.797673731536809,100,6,3,1006,CV1_AUS,AUS
TGW,AUS_2019,AUS,0.368065909775113,0.320427246536912,0.632396297779195,55,6,3,1006,CV1_AUS,AUS
TGW,AUS_2018,AUS,0.471064033375335,0.446058304472997,0.835407721909136,98,6,4,1006,CV1_AUS,AUS
TGW,AUS_2019,AUS,0.106415246391309,0.130676600333488,0.68961215978567,49,6,4,1006,CV1_AUS,AUS
TGW,AUS_2018,AUS,0.620774066178473,0.635661466972835,0.780715722432649,95,6,5,1006,CV1_AUS,AUS
TGW,AUS_2019,AUS,0.28150088023547,0.280195762121872,0.737049893778445,36,6,5,1006,CV1_AUS,AUS
TGW,AUS_2018,AUS,0.536913516044784,0.542614272596945,0.81258141084102,92,7,1,1007,CV1_AUS,AUS
TGW,AUS_2019,AUS,0.303892081618086,0.270067822013239,0.762192924887834,39,7,1,1007,CV1_AUS,AUS
TGW,AUS_2018,AUS,0.555869127296045,0.56956427866717,0.751572276099035,99,7,2,1007,CV1_AUS,AUS
TGW,AUS_2019,AUS,0.295457525833136,0.320246343603894,0.763179654609458,42,7,2,1007,CV1_AUS,AUS
TGW,AUS_2018,AUS,0.482904576065233,0.455536641284427,0.735769012169938,98,7,3,1007,CV1_AUS,AUS
TGW,AUS_2019,AUS,0.306463162455279,0.280133220166075,0.862689197972646,52,7,3,1007,CV1_AUS,AUS
TGW,AUS_2018,AUS,0.446344781407731,0.508395956743175,0.902704696833015,94,7,4,1007,CV1_AUS,AUS
TGW,AUS_2019,AUS,0.381703168330693,0.377805037421915,0.771167785923564,55,7,4,1007,CV1_AUS,AUS
TGW,AUS_2018,AUS,0.538003232708318,0.522944579947068,0.86578263178177,95,7,5,1007,CV1_AUS,AUS
TGW,AUS_2019,AUS,0.272582767148676,0.252322338626435,0.716862224607607,43,7,5,1007,CV1_AUS,AUS
TGW,AUS_2018,AUS,0.597076757701697,0.613771090445333,0.852300219850738,97,8,1,1008,CV1_AUS,AUS
TGW,AUS_2019,AUS,0.368805822337764,0.270610341272664,0.757941873301283,51,8,1,1008,CV1_AUS,AUS
TGW,AUS_2018,AUS,0.364740926514386,0.349336807616025,0.861007754368669,91,8,2,1008,CV1_AUS,AUS
TGW,AUS_2019,AUS,0.225229563935742,0.234481198868356,0.772038551669986,43,8,2,1008,CV1_AUS,AUS
TGW,AUS_2018,AUS,0.437029788251388,0.451730028508724,0.771868121181453,100,8,3,1008,CV1_AUS,AUS
TGW,AUS_2019,AUS,0.0061680390770534,0.0472562236073256,0.576819167565047,42,8,3,1008,CV1_AUS,AUS
TGW,AUS_2018,AUS,0.586416704518521,0.57510566453875,0.755915350224916,93,8,4,1008,CV1_AUS,AUS
TGW,AUS_2019,AUS,0.324793204036569,0.383656536240831,0.739682067991607,55,8,4,1008,CV1_AUS,AUS
TGW,AUS_2018,AUS,0.545287426713844,0.5494285865495,0.853392079887252,97,8,5,1008,CV1_AUS,AUS
TGW,AUS_2019,AUS,0.50537257509888,0.391012712095808,0.842030703855698,40,8,5,1008,CV1_AUS,AUS
TGW,AUS_2018,AUS,0.378974511175275,0.358918780713375,0.74193761610123,94,9,1,1009,CV1_AUS,AUS
TGW,AUS_2019,AUS,0.22436828944203,0.238002177164324,0.623619870688994,48,9,1,1009,CV1_AUS,AUS
TGW,AUS_2018,AUS,0.432130193633458,0.459730316233954,0.622412614335462,100,9,2,1009,CV1_AUS,AUS
TGW,AUS_2019,AUS,0.148974621812952,0.166412550233888,0.704544355377264,41,9,2,1009,CV1_AUS,AUS
TGW,AUS_2018,AUS,0.540231072407288,0.56817593822658,0.8851583607148,91,9,3,1009,CV1_AUS,AUS
TGW,AUS_2019,AUS,0.350147263673805,0.363956426302623,0.727766026628457,49,9,3,1009,CV1_AUS,AUS
TGW,AUS_2018,AUS,0.525275429615138,0.506658010035138,0.840775140030489,99,9,4,1009,CV1_AUS,AUS
TGW,AUS_2019,AUS,0.247765684555813,0.14948726164519,0.763856028561529,44,9,4,1009,CV1_AUS,AUS
TGW,AUS_2018,AUS,0.612419758309675,0.611150650762183,0.878326146405674,94,9,5,1009,CV1_AUS,AUS
TGW,AUS_2019,AUS,0.372396575815752,0.314962243752922,0.810039025051842,49,9,5,1009,CV1_AUS,AUS
TGW,AUS_2018,AUS,0.502592523479993,0.53300903049301,0.78486866260687,95,10,1,1010,CV1_AUS,AUS
TGW,AUS_2019,AUS,0.300600299045843,0.171488777680219,0.820853468373379,42,10,1,1010,CV1_AUS,AUS
TGW,AUS_2018,AUS,0.58291543267782,0.580619287026372,0.851335274807717,97,10,2,1010,CV1_AUS,AUS
TGW,AUS_2019,AUS,0.290410796230777,0.235190472470533,0.869210577338463,44,10,2,1010,CV1_AUS,AUS
TGW,AUS_2018,AUS,0.327660384713387,0.373536082420575,0.750820632116252,102,10,3,1010,CV1_AUS,AUS
TGW,AUS_2019,AUS,-0.0461415991603382,-0.0428516054126712,0.488219457356562,44,10,3,1010,CV1_AUS,AUS
TGW,AUS_2018,AUS,0.540516591511313,0.521263381585193,0.783372933394654,91,10,4,1010,CV1_AUS,AUS
TGW,AUS_2019,AUS,0.524593008630098,0.532338175193817,0.767363641641234,48,10,4,1010,CV1_AUS,AUS
TGW,AUS_2018,AUS,0.510748956282844,0.474834369815223,0.784306970603369,93,10,5,1010,CV1_AUS,AUS
TGW,AUS_2019,AUS,0.324399814004707,0.344402110551041,0.791762997898744,53,10,5,1010,CV1_AUS,AUS
TGW,AUS_2018,AUS,0.408268654111097,0.415997434840787,0.780443395170236,90,11,1,1011,CV1_AUS,AUS
TGW,AUS_2019,AUS,0.155681642219172,0.166496508236136,0.583638245426217,57,11,1,1011,CV1_AUS,AUS
TGW,AUS_2018,AUS,0.494168924637413,0.524611072471814,0.884981418864199,105,11,2,1011,CV1_AUS,AUS
TGW,AUS_2019,AUS,0.389711717774238,0.434218760527562,0.675633346975247,50,11,2,1011,CV1_AUS,AUS
TGW,AUS_2018,AUS,0.509654199423561,0.535496585476111,0.787333176025182,98,11,3,1011,CV1_AUS,AUS
TGW,AUS_2019,AUS,0.262072832421367,0.201498389125954,0.795382046684907,41,11,3,1011,CV1_AUS,AUS
TGW,AUS_2018,AUS,0.559577674281161,0.577212005438416,0.670234448578791,88,11,4,1011,CV1_AUS,AUS
TGW,AUS_2019,AUS,0.370508148901178,0.302574946116738,0.748822813678819,43,11,4,1011,CV1_AUS,AUS
TGW,AUS_2018,AUS,0.539359852308739,0.510016278370536,0.776499337229859,97,11,5,1011,CV1_AUS,AUS
TGW,AUS_2019,AUS,0.24727872433738,0.258515539941838,0.738629247354532,40,11,5,1011,CV1_AUS,AUS
TGW,AUS_2018,AUS,0.486119073855897,0.502051786028826,0.69023974572382,99,12,1,1012,CV1_AUS,AUS
TGW,AUS_2019,AUS,0.341436797019636,0.399833857102185,0.619782866640736,43,12,1,1012,CV1_AUS,AUS
TGW,AUS_2018,AUS,0.514123585264731,0.528245017145916,0.848093988339508,93,12,2,1012,CV1_AUS,AUS
TGW,AUS_2019,AUS,0.240395348985739,0.246416138166966,0.696048232083622,50,12,2,1012,CV1_AUS,AUS
TGW,AUS_2018,AUS,0.43258883573491,0.445212582210706,0.824521421624635,92,12,3,1012,CV1_AUS,AUS
TGW,AUS_2019,AUS,0.340505175233105,0.355799251828495,0.774110426493838,48,12,3,1012,CV1_AUS,AUS
TGW,AUS_2018,AUS,0.498034761693469,0.531154247986416,0.718340446331554,97,12,4,1012,CV1_AUS,AUS
TGW,AUS_2019,AUS,0.110627445158596,0.0878841317472849,0.657197264083218,47,12,4,1012,CV1_AUS,AUS
TGW,AUS_2018,AUS,0.583237828221194,0.547975384892797,0.910983035391461,97,12,5,1012,CV1_AUS,AUS
TGW,AUS_2019,AUS,0.362218476214032,0.430405569539675,0.801906684904625,43,12,5,1012,CV1_AUS,AUS
TGW,AUS_2018,AUS,0.555549655272901,0.566750544221839,0.770154235370565,92,13,1,1013,CV1_AUS,AUS
TGW,AUS_2019,AUS,0.438611360540643,0.272863006595719,0.785090830923778,48,13,1,1013,CV1_AUS,AUS
TGW,AUS_2018,AUS,0.441133434679577,0.475493077314583,0.855725961509958,99,13,2,1013,CV1_AUS,AUS
TGW,AUS_2019,AUS,0.279549586101227,0.322198604748178,0.737827674278721,39,13,2,1013,CV1_AUS,AUS
TGW,AUS_2018,AUS,0.442367238469115,0.495588907239978,0.804048875832432,94,13,3,1013,CV1_AUS,AUS
TGW,AUS_2019,AUS,0.0304985539236532,0.0811641541418211,0.572576134164635,50,13,3,1013,CV1_AUS,AUS
TGW,AUS_2018,AUS,0.439335956020005,0.417370131338303,0.786832741930179,96,13,4,1013,CV1_AUS,AUS
TGW,AUS_2019,AUS,0.267086272673889,0.318602497604347,0.770546570167799,51,13,4,1013,CV1_AUS,AUS
TGW,AUS_2018,AUS,0.673199450022219,0.650083673336994,0.810981825621253,97,13,5,1013,CV1_AUS,AUS
TGW,AUS_2019,AUS,0.427902348586308,0.383749906704582,0.767950309929344,43,13,5,1013,CV1_AUS,AUS
TGW,AUS_2018,AUS,0.496593947438958,0.497549563443812,0.793915244336044,96,14,1,1014,CV1_AUS,AUS
TGW,AUS_2019,AUS,0.282642339813357,0.223949179112411,0.830974771671339,46,14,1,1014,CV1_AUS,AUS
TGW,AUS_2018,AUS,0.557607049751941,0.526586606193767,0.860643487388115,98,14,2,1014,CV1_AUS,AUS
TGW,AUS_2019,AUS,0.289062462926367,0.204719653946891,0.766874305278587,43,14,2,1014,CV1_AUS,AUS
TGW,AUS_2018,AUS,0.528400985279623,0.522162145243227,0.745394458735041,95,14,3,1014,CV1_AUS,AUS
TGW,AUS_2019,AUS,0.432337947081886,0.45013407410824,0.778366155148861,43,14,3,1014,CV1_AUS,AUS
TGW,AUS_2018,AUS,0.520366343820068,0.589064351221396,0.904670626422367,93,14,4,1014,CV1_AUS,AUS
TGW,AUS_2019,AUS,0.33163058074771,0.319589736867195,0.747984836825225,49,14,4,1014,CV1_AUS,AUS
TGW,AUS_2018,AUS,0.361530603864944,0.423757555170949,0.712383331569196,96,14,5,1014,CV1_AUS,AUS
TGW,AUS_2019,AUS,0.133926818672524,0.193838102779377,0.640657751749001,50,14,5,1014,CV1_AUS,AUS
TGW,AUS_2018,AUS,0.427347526286792,0.454847937763019,0.838183056507456,96,15,1,1015,CV1_AUS,AUS
TGW,AUS_2019,AUS,0.0848273170608153,0.0784532073629135,0.690062392025646,39,15,1,1015,CV1_AUS,AUS
TGW,AUS_2018,AUS,0.474482595887982,0.459317401265593,0.820555629198653,93,15,2,1015,CV1_AUS,AUS
TGW,AUS_2019,AUS,0.342770307310236,0.367891024589314,0.786272298479337,51,15,2,1015,CV1_AUS,AUS
TGW,AUS_2018,AUS,0.559905634142837,0.575240629801243,0.821503084162831,96,15,3,1015,CV1_AUS,AUS
TGW,AUS_2019,AUS,0.493644491893718,0.389766003308645,0.674237719901722,44,15,3,1015,CV1_AUS,AUS
TGW,AUS_2018,AUS,0.452979336707035,0.463649574096018,0.834746232318486,97,15,4,1015,CV1_AUS,AUS
TGW,AUS_2019,AUS,0.296195982978249,0.296429093826522,0.750189318429112,47,15,4,1015,CV1_AUS,AUS
TGW,AUS_2018,AUS,0.619995072996262,0.611841795266039,0.861814136876045,96,15,5,1015,CV1_AUS,AUS
TGW,AUS_2019,AUS,0.151643732418234,0.173029823590218,0.616971810608764,50,15,5,1015,CV1_AUS,AUS
TGW,PAK_2019,PAK,0.0709361665133565,-0.0128505638583262,0.604095219950231,43,1,1,1001,CV1_PAK,PAK
TGW,PAK_2020,PAK,0.252034457765001,0.200439110875154,0.68208879693223,49,1,1,1001,CV1_PAK,PAK
TGW,PAK_2021,PAK,0.132608167644874,0.0177518215596707,0.648607852803422,47,1,1,1001,CV1_PAK,PAK
TGW,PAK_2019,PAK,0.114292254379754,0.199971982491059,0.659331028314698,40,1,2,1001,CV1_PAK,PAK
TGW,PAK_2020,PAK,0.304442923806047,0.291240275405537,0.670971869198304,50,1,2,1001,CV1_PAK,PAK
TGW,PAK_2021,PAK,-0.0018839981678071,0.028599873408836,0.62749933749027,51,1,2,1001,CV1_PAK,PAK
TGW,PAK_2019,PAK,0.410422942026063,0.319187711636266,0.783267271619278,45,1,3,1001,CV1_PAK,PAK
TGW,PAK_2020,PAK,0.0968911455536604,0.138882046516165,0.73936018773858,46,1,3,1001,CV1_PAK,PAK
TGW,PAK_2021,PAK,-0.0756436967757245,-0.025789289093997,0.641641608201015,48,1,3,1001,CV1_PAK,PAK
TGW,PAK_2019,PAK,-0.0066664377738962,0.0891351368434887,0.504266027408222,38,1,4,1001,CV1_PAK,PAK
TGW,PAK_2020,PAK,0.277087223223756,0.301018072228577,0.706324139495362,48,1,4,1001,CV1_PAK,PAK
TGW,PAK_2021,PAK,-0.0891288453655598,-0.079871712186883,0.617210517409654,46,1,4,1001,CV1_PAK,PAK
TGW,PAK_2019,PAK,0.166802027312932,0.155235943028074,0.619352943918289,33,1,5,1001,CV1_PAK,PAK
TGW,PAK_2020,PAK,0.285607043233897,0.238718464567588,0.536058091322172,48,1,5,1001,CV1_PAK,PAK
TGW,PAK_2021,PAK,0.0920500020240726,0.220770210797469,0.624736263641322,47,1,5,1001,CV1_PAK,PAK
TGW,PAK_2019,PAK,0.0025389134446012,0.092828591171564,0.623409752050337,41,2,1,1002,CV1_PAK,PAK
TGW,PAK_2020,PAK,0.369490212740092,0.24208814805886,0.755846727512047,51,2,1,1002,CV1_PAK,PAK
TGW,PAK_2021,PAK,-0.0085886540277021,-0.194709544423796,0.516689954599781,52,2,1,1002,CV1_PAK,PAK
TGW,PAK_2019,PAK,-0.0361085990986758,-0.0286159870032302,0.518994880506723,32,2,2,1002,CV1_PAK,PAK
TGW,PAK_2020,PAK,0.224538428386238,0.164752866692157,0.726344881658907,47,2,2,1002,CV1_PAK,PAK
TGW,PAK_2021,PAK,-0.0201110984348696,0.0263843654429429,0.6493738562589,48,2,2,1002,CV1_PAK,PAK
TGW,PAK_2019,PAK,0.264649197654594,0.274691747287609,0.667525695319616,35,2,3,1002,CV1_PAK,PAK
TGW,PAK_2020,PAK,0.126194460974474,0.112323913459243,0.603555013902813,43,2,3,1002,CV1_PAK,PAK
TGW,PAK_2021,PAK,-0.185630861750465,-0.070296385171631,0.544795149895228,48,2,3,1002,CV1_PAK,PAK
TGW,PAK_2019,PAK,0.369406152393388,0.410468707817029,0.664515421191433,45,2,4,1002,CV1_PAK,PAK
TGW,PAK_2020,PAK,0.396693206689215,0.353276066055384,0.718317041943023,53,2,4,1002,CV1_PAK,PAK
TGW,PAK_2021,PAK,0.117630637971818,0.12532947193379,0.598553887331944,45,2,4,1002,CV1_PAK,PAK
TGW,PAK_2019,PAK,0.0688785182889365,0.0236971261448159,0.620762098464269,46,2,5,1002,CV1_PAK,PAK
TGW,PAK_2020,PAK,0.127026797133003,0.156235555830127,0.689362889376466,47,2,5,1002,CV1_PAK,PAK
TGW,PAK_2021,PAK,-0.0257575158653463,-0.0167787310024163,0.604087320237898,46,2,5,1002,CV1_PAK,PAK
TGW,PAK_2019,PAK,0.230075289615257,0.222087148262476,0.554811813207805,42,3,1,1003,CV1_PAK,PAK
TGW,PAK_2020,PAK,0.401617336440128,0.411554779516518,0.783774301849248,53,3,1,1003,CV1_PAK,PAK
TGW,PAK_2021,PAK,0.0187184429301939,-0.0629582715349034,0.685885778428111,51,3,1,1003,CV1_PAK,PAK
TGW,PAK_2019,PAK,0.0323101294889167,0.0083947700084885,0.699484480073386,44,3,2,1003,CV1_PAK,PAK
TGW,PAK_2020,PAK,0.337598548486361,0.33466140397012,0.704196356088809,51,3,2,1003,CV1_PAK,PAK
TGW,PAK_2021,PAK,0.0689784460599615,0.127509952169403,0.582497859531928,46,3,2,1003,CV1_PAK,PAK
TGW,PAK_2019,PAK,-0.0847480995322477,-0.0356546063888234,0.431209873537617,39,3,3,1003,CV1_PAK,PAK
TGW,PAK_2020,PAK,0.248317281659728,0.322211804001276,0.720210555515239,49,3,3,1003,CV1_PAK,PAK
TGW,PAK_2021,PAK,0.0375186477805522,0.0639720660632791,0.603949059704758,45,3,3,1003,CV1_PAK,PAK
TGW,PAK_2019,PAK,0.580819857742155,0.431447794661185,0.753466624889886,37,3,4,1003,CV1_PAK,PAK
TGW,PAK_2020,PAK,0.117104579145028,0.198272546673005,0.69747276301484,44,3,4,1003,CV1_PAK,PAK
TGW,PAK_2021,PAK,-0.142900996338455,0.0558029268791469,0.64758009859427,47,3,4,1003,CV1_PAK,PAK
TGW,PAK_2019,PAK,0.0788817414510969,0.0771474035337934,0.679042892699281,37,3,5,1003,CV1_PAK,PAK
TGW,PAK_2020,PAK,-0.0268439576694946,0.038576829223415,0.734420617006757,44,3,5,1003,CV1_PAK,PAK
TGW,PAK_2021,PAK,-0.0359745631837408,-0.103637892450655,0.582232314017463,50,3,5,1003,CV1_PAK,PAK
TGW,PAK_2019,PAK,0.0577259711642019,0.0645797276065343,0.516891225995297,40,4,1,1004,CV1_PAK,PAK
TGW,PAK_2020,PAK,0.228221260961389,0.164146295478412,0.580706487948581,48,4,1,1004,CV1_PAK,PAK
TGW,PAK_2021,PAK,-0.174569129514896,-0.03943229121183,0.564869787750809,50,4,1,1004,CV1_PAK,PAK
TGW,PAK_2019,PAK,0.0310378924800123,0.0151773002771847,0.506296523178269,41,4,2,1004,CV1_PAK,PAK
TGW,PAK_2020,PAK,0.314306337547489,0.381975010356068,0.560555471252201,50,4,2,1004,CV1_PAK,PAK
TGW,PAK_2021,PAK,0.108033313860043,0.166589768499013,0.685519475359523,48,4,2,1004,CV1_PAK,PAK
TGW,PAK_2019,PAK,0.0962503925066412,0.147577687604419,0.731621001679661,39,4,3,1004,CV1_PAK,PAK
TGW,PAK_2020,PAK,0.183518362187831,0.140720714058898,0.642183012457174,49,4,3,1004,CV1_PAK,PAK
TGW,PAK_2021,PAK,0.16469746983876,0.105077495293386,0.685443459549719,47,4,3,1004,CV1_PAK,PAK
TGW,PAK_2019,PAK,0.297020432540407,0.150785094026129,0.625249246080852,46,4,4,1004,CV1_PAK,PAK
TGW,PAK_2020,PAK,0.106121131374937,0.215994241582333,0.721333688659837,47,4,4,1004,CV1_PAK,PAK
TGW,PAK_2021,PAK,-0.127903734984189,-0.136781421720499,0.645210736517562,45,4,4,1004,CV1_PAK,PAK
TGW,PAK_2019,PAK,0.226259673682636,0.305002718792155,0.687502047065513,33,4,5,1004,CV1_PAK,PAK
TGW,PAK_2020,PAK,0.0768638309746732,0.0487946364701765,0.788893947733363,47,4,5,1004,CV1_PAK,PAK
TGW,PAK_2021,PAK,-0.06423204010659,-0.146152279019502,0.539758797843788,49,4,5,1004,CV1_PAK,PAK
TGW,PAK_2019,PAK,0.0642509550038631,-0.122679017133783,0.515378368706284,42,5,1,1005,CV1_PAK,PAK
TGW,PAK_2020,PAK,0.217400752680547,0.217178246567216,0.717073214449326,49,5,1,1005,CV1_PAK,PAK
TGW,PAK_2021,PAK,0.0326954067333377,-0.0101509065846293,0.547939242574191,48,5,1,1005,CV1_PAK,PAK
TGW,PAK_2019,PAK,0.0061188462780215,0.0773936128915331,0.654196911296487,36,5,2,1005,CV1_PAK,PAK
TGW,PAK_2020,PAK,0.357937441912646,0.343120819643246,0.860425689857902,45,5,2,1005,CV1_PAK,PAK
TGW,PAK_2021,PAK,-0.123103271931009,-0.0729412594272218,0.447887988653013,44,5,2,1005,CV1_PAK,PAK
TGW,PAK_2019,PAK,0.220511533613209,0.192321017733112,0.709651801375246,38,5,3,1005,CV1_PAK,PAK
TGW,PAK_2020,PAK,0.249120048205099,0.270354082555189,0.631328516153141,45,5,3,1005,CV1_PAK,PAK
TGW,PAK_2021,PAK,0.198942938908644,0.217698104490324,0.679805289793664,47,5,3,1005,CV1_PAK,PAK
TGW,PAK_2019,PAK,0.0553386692390504,0.151156313981239,0.596365921683948,42,5,4,1005,CV1_PAK,PAK
TGW,PAK_2020,PAK,0.00633894544572,0.0037976226996524,0.527039161960651,50,5,4,1005,CV1_PAK,PAK
TGW,PAK_2021,PAK,-0.212247213043893,-0.243143260047017,0.472145899505919,49,5,4,1005,CV1_PAK,PAK
TGW,PAK_2019,PAK,0.122793951527899,0.167626782323386,0.638087083205955,41,5,5,1005,CV1_PAK,PAK
TGW,PAK_2020,PAK,0.349680219026792,0.320719307970362,0.647658447529843,52,5,5,1005,CV1_PAK,PAK
TGW,PAK_2021,PAK,-0.10138442199263,-0.107240678982554,0.670887204399929,51,5,5,1005,CV1_PAK,PAK
TGW,PAK_2019,PAK,-0.0195465798777994,0.0045415855240026,0.647308679835724,42,6,1,1006,CV1_PAK,PAK
TGW,PAK_2020,PAK,0.281619279231591,0.200007107271672,0.634679234504617,44,6,1,1006,CV1_PAK,PAK
TGW,PAK_2021,PAK,-0.012791173856671,-0.0342987583000425,0.637000903837443,46,6,1,1006,CV1_PAK,PAK
TGW,PAK_2019,PAK,0.270966073150199,0.214995044491818,0.519464956279368,39,6,2,1006,CV1_PAK,PAK
TGW,PAK_2020,PAK,0.169229449991431,0.142963930322385,0.657481600715896,51,6,2,1006,CV1_PAK,PAK
TGW,PAK_2021,PAK,-0.147663518158371,-0.210449179690673,0.578597142319385,48,6,2,1006,CV1_PAK,PAK
TGW,PAK_2019,PAK,0.025945087741777,-0.047877580002497,0.551498244820938,39,6,3,1006,CV1_PAK,PAK
TGW,PAK_2020,PAK,0.0778295901381781,0.0838378131878145,0.653577790742356,50,6,3,1006,CV1_PAK,PAK
TGW,PAK_2021,PAK,-0.316464341412228,-0.25720070952935,0.419613086231135,47,6,3,1006,CV1_PAK,PAK
TGW,PAK_2019,PAK,-0.0415132531981163,0.0196285274254572,0.511544638464688,42,6,4,1006,CV1_PAK,PAK
TGW,PAK_2020,PAK,0.239967749555449,0.226452010911183,0.572081696245785,48,6,4,1006,CV1_PAK,PAK
TGW,PAK_2021,PAK,0.210237552703563,0.183873443087326,0.570283313808144,49,6,4,1006,CV1_PAK,PAK
TGW,PAK_2019,PAK,0.437655686803511,0.359050751139197,0.714409873185921,37,6,5,1006,CV1_PAK,PAK
TGW,PAK_2020,PAK,0.363075275527819,0.373336998157909,0.745414126149245,48,6,5,1006,CV1_PAK,PAK
TGW,PAK_2021,PAK,0.100481681848221,0.0936949834611122,0.491713018416181,49,6,5,1006,CV1_PAK,PAK
TGW,PAK_2019,PAK,-0.0489373064682211,0.0273319865363072,0.542323309485747,35,7,1,1007,CV1_PAK,PAK
TGW,PAK_2020,PAK,0.121812000903674,0.0778341863208088,0.418638069974496,44,7,1,1007,CV1_PAK,PAK
TGW,PAK_2021,PAK,0.104159641242075,0.0012145749719173,0.708860970485602,47,7,1,1007,CV1_PAK,PAK
TGW,PAK_2019,PAK,0.0390529022657452,0.110955803953571,0.665599560576943,43,7,2,1007,CV1_PAK,PAK
TGW,PAK_2020,PAK,0.229806729629034,0.240801658920231,0.740193390738683,44,7,2,1007,CV1_PAK,PAK
TGW,PAK_2021,PAK,0.240177840201806,0.281625617779582,0.726228172948115,44,7,2,1007,CV1_PAK,PAK
TGW,PAK_2019,PAK,0.0656746084328331,0.0071497111967367,0.500167950258327,41,7,3,1007,CV1_PAK,PAK
TGW,PAK_2020,PAK,0.337291532240182,0.247490050460825,0.663883206656648,50,7,3,1007,CV1_PAK,PAK
TGW,PAK_2021,PAK,-0.188331445597533,-0.0602177445205291,0.478148708187132,48,7,3,1007,CV1_PAK,PAK
TGW,PAK_2019,PAK,0.444349468528754,0.38983145126551,0.688903725655726,39,7,4,1007,CV1_PAK,PAK
TGW,PAK_2020,PAK,0.399058104187466,0.383138580765065,0.694822485615646,49,7,4,1007,CV1_PAK,PAK
TGW,PAK_2021,PAK,-0.0673278595163339,-0.128524235243411,0.469247773157811,51,7,4,1007,CV1_PAK,PAK
TGW,PAK_2019,PAK,0.109904496762516,0.18053441734059,0.609311039065741,41,7,5,1007,CV1_PAK,PAK
TGW,PAK_2020,PAK,0.120122981408436,0.129776539478414,0.655408226842505,54,7,5,1007,CV1_PAK,PAK
TGW,PAK_2021,PAK,0.0480306342535578,0.0309772911335018,0.585652478525115,49,7,5,1007,CV1_PAK,PAK
TGW,PAK_2019,PAK,0.0389888056377913,0.0297984440734997,0.521464924535593,38,8,1,1008,CV1_PAK,PAK
TGW,PAK_2020,PAK,0.343192281367997,0.362889018176691,0.699686318541449,49,8,1,1008,CV1_PAK,PAK
TGW,PAK_2021,PAK,-0.180181824478057,-0.117305927188147,0.647358440425573,45,8,1,1008,CV1_PAK,PAK
TGW,PAK_2019,PAK,0.258124339310149,0.236920255272607,0.506155168201188,41,8,2,1008,CV1_PAK,PAK
TGW,PAK_2020,PAK,0.193451688065287,0.241379339172641,0.790471777648169,48,8,2,1008,CV1_PAK,PAK
TGW,PAK_2021,PAK,-0.088310024168331,0.0651222817632516,0.614417796613098,53,8,2,1008,CV1_PAK,PAK
TGW,PAK_2019,PAK,0.390153260376536,0.419561081571031,0.696870756472972,43,8,3,1008,CV1_PAK,PAK
TGW,PAK_2020,PAK,0.135556465117356,0.0580710203951198,0.436063917101569,48,8,3,1008,CV1_PAK,PAK
TGW,PAK_2021,PAK,0.0937601713743282,0.1175781174818,0.613976274752286,46,8,3,1008,CV1_PAK,PAK
TGW,PAK_2019,PAK,-0.146717413203195,-0.115243544495876,0.599762358167102,38,8,4,1008,CV1_PAK,PAK
TGW,PAK_2020,PAK,0.265226308578837,0.235092958144575,0.75229714535942,49,8,4,1008,CV1_PAK,PAK
TGW,PAK_2021,PAK,0.0758490468805487,0.0248484334594489,0.63127165805728,52,8,4,1008,CV1_PAK,PAK
TGW,PAK_2019,PAK,0.153414256566118,0.282790574952724,0.696309960941995,39,8,5,1008,CV1_PAK,PAK
TGW,PAK_2020,PAK,0.321090318627918,0.301790804186486,0.547843514858732,47,8,5,1008,CV1_PAK,PAK
TGW,PAK_2021,PAK,0.0229132461692783,0.0499962251334032,0.70898396295428,43,8,5,1008,CV1_PAK,PAK
TGW,PAK_2019,PAK,-0.0448012116643103,-0.0030658059829541,0.443110881443515,38,9,1,1009,CV1_PAK,PAK
TGW,PAK_2020,PAK,0.298276195696379,0.302863344921989,0.733798995331062,49,9,1,1009,CV1_PAK,PAK
TGW,PAK_2021,PAK,0.0020620931197359,-0.074751643138853,0.608234160688199,48,9,1,1009,CV1_PAK,PAK
TGW,PAK_2019,PAK,0.0906592916966015,0.123903961879511,0.702950856360788,35,9,2,1009,CV1_PAK,PAK
TGW,PAK_2020,PAK,-0.0610423422695138,-0.0726494558918603,0.607391820073496,47,9,2,1009,CV1_PAK,PAK
TGW,PAK_2021,PAK,-0.111929379234191,-0.0751411252730679,0.692620222314648,46,9,2,1009,CV1_PAK,PAK
TGW,PAK_2019,PAK,-0.104993118537611,-0.0458806001403169,0.422883566404469,43,9,3,1009,CV1_PAK,PAK
TGW,PAK_2020,PAK,0.257618603698864,0.2817597971523,0.711420129828554,45,9,3,1009,CV1_PAK,PAK
TGW,PAK_2021,PAK,0.350885892333589,0.348811104990132,0.781994055146896,49,9,3,1009,CV1_PAK,PAK
TGW,PAK_2019,PAK,0.377994785856122,0.330223914003769,0.744335933682665,45,9,4,1009,CV1_PAK,PAK
TGW,PAK_2020,PAK,0.300216923290871,0.22213778343843,0.653858015797171,48,9,4,1009,CV1_PAK,PAK
TGW,PAK_2021,PAK,-0.204296640912545,-0.10882072376066,0.497871849965473,47,9,4,1009,CV1_PAK,PAK
TGW,PAK_2019,PAK,0.288733101440177,0.25756634842904,0.535913695913873,38,9,5,1009,CV1_PAK,PAK
TGW,PAK_2020,PAK,0.185614194185196,0.191634613302438,0.523525805059202,52,9,5,1009,CV1_PAK,PAK
TGW,PAK_2021,PAK,-0.241693385357606,-0.28464975927596,0.439381947404002,49,9,5,1009,CV1_PAK,PAK
TGW,PAK_2019,PAK,0.240259377582341,0.249858163419864,0.679961732151917,42,10,1,1010,CV1_PAK,PAK
TGW,PAK_2020,PAK,-0.0061049698502047,0.0204673120190911,0.662547300235718,51,10,1,1010,CV1_PAK,PAK
TGW,PAK_2021,PAK,-0.243004565344311,-0.106499503468876,0.455239739657202,50,10,1,1010,CV1_PAK,PAK
TGW,PAK_2019,PAK,-0.0051960821705831,0.117160342130386,0.703237647881827,42,10,2,1010,CV1_PAK,PAK
TGW,PAK_2020,PAK,0.180327089253334,0.230710131190765,0.827668260640669,50,10,2,1010,CV1_PAK,PAK
TGW,PAK_2021,PAK,-0.12330814519438,-0.118787158462283,0.627469465104329,48,10,2,1010,CV1_PAK,PAK
TGW,PAK_2019,PAK,-0.0208194599347231,-0.0894042285254029,0.654077462992924,36,10,3,1010,CV1_PAK,PAK
TGW,PAK_2020,PAK,0.171635124220044,0.110370789226116,0.555311122302431,46,10,3,1010,CV1_PAK,PAK
TGW,PAK_2021,PAK,-0.0030973035375579,-0.0565563116976859,0.568053703439679,47,10,3,1010,CV1_PAK,PAK
TGW,PAK_2019,PAK,0.214485217206301,0.236616003736875,0.604649281057137,38,10,4,1010,CV1_PAK,PAK
TGW,PAK_2020,PAK,0.410705272797929,0.404232379729623,0.636477807817663,46,10,4,1010,CV1_PAK,PAK
TGW,PAK_2021,PAK,0.0598053365255985,0.0855008125128749,0.696008600672723,44,10,4,1010,CV1_PAK,PAK
TGW,PAK_2019,PAK,0.245482666809908,0.206562982553157,0.60069318989867,41,10,5,1010,CV1_PAK,PAK
TGW,PAK_2020,PAK,0.261475148346606,0.226609875974753,0.749961673932991,48,10,5,1010,CV1_PAK,PAK
TGW,PAK_2021,PAK,0.246530343389672,0.188756278273437,0.601482971909668,50,10,5,1010,CV1_PAK,PAK
TGW,PAK_2019,PAK,0.243696366438024,0.259987897426451,0.676944161262872,40,11,1,1011,CV1_PAK,PAK
TGW,PAK_2020,PAK,0.266452192872911,0.316138170576013,0.758388217873399,48,11,1,1011,CV1_PAK,PAK
TGW,PAK_2021,PAK,0.0874418049522671,0.0594430277683689,0.589476411365485,48,11,1,1011,CV1_PAK,PAK
TGW,PAK_2019,PAK,0.104564276206912,0.122291780221284,0.655446679393384,42,11,2,1011,CV1_PAK,PAK
TGW,PAK_2020,PAK,0.217262925807671,0.235296989974195,0.664432902588517,50,11,2,1011,CV1_PAK,PAK
TGW,PAK_2021,PAK,-0.0454499724530788,-0.109064625625599,0.56002627115595,47,11,2,1011,CV1_PAK,PAK
TGW,PAK_2019,PAK,-0.0189359820572894,0.0881008371677402,0.605829398811654,36,11,3,1011,CV1_PAK,PAK
TGW,PAK_2020,PAK,0.260484638100759,0.274571169762041,0.727247536771506,47,11,3,1011,CV1_PAK,PAK
TGW,PAK_2021,PAK,-0.237343551975772,-0.124148414681778,0.482586783341083,48,11,3,1011,CV1_PAK,PAK
TGW,PAK_2019,PAK,0.0503918737785217,0.0250850076888431,0.430988592031411,43,11,4,1011,CV1_PAK,PAK
TGW,PAK_2020,PAK,0.0633364633191151,0.0686205765466956,0.459394111911225,51,11,4,1011,CV1_PAK,PAK
TGW,PAK_2021,PAK,0.0811354786865331,0.0710051144707434,0.424686586017816,51,11,4,1011,CV1_PAK,PAK
TGW,PAK_2019,PAK,0.174214235877249,0.10264562851011,0.590904414069354,38,11,5,1011,CV1_PAK,PAK
TGW,PAK_2020,PAK,-0.0804618954814308,-0.152746209476546,0.402702945796767,45,11,5,1011,CV1_PAK,PAK
TGW,PAK_2021,PAK,0.120694976560971,0.0740545532848955,0.696812337308342,45,11,5,1011,CV1_PAK,PAK
TGW,PAK_2019,PAK,0.0991841037767648,0.179552244473678,0.614916912658152,39,12,1,1012,CV1_PAK,PAK
TGW,PAK_2020,PAK,0.25836891071811,0.304834780704948,0.66115318317109,50,12,1,1012,CV1_PAK,PAK
TGW,PAK_2021,PAK,0.0155718841977123,-0.0261788125478368,0.607114101453387,49,12,1,1012,CV1_PAK,PAK
TGW,PAK_2019,PAK,0.235325872912421,0.13474882059663,0.743455741264395,33,12,2,1012,CV1_PAK,PAK
TGW,PAK_2020,PAK,-0.0271475163235981,-0.0571412536907087,0.610948333424584,47,12,2,1012,CV1_PAK,PAK
TGW,PAK_2021,PAK,-0.0525626822748042,-0.117872013737556,0.524819893844607,46,12,2,1012,CV1_PAK,PAK
TGW,PAK_2019,PAK,0.501588405439525,0.506953050068903,0.761377350606428,43,12,3,1012,CV1_PAK,PAK
TGW,PAK_2020,PAK,0.387749280343413,0.41576708439811,0.712098047278668,46,12,3,1012,CV1_PAK,PAK
TGW,PAK_2021,PAK,-0.0283211739335932,-0.0542962880929343,0.648647844775996,47,12,3,1012,CV1_PAK,PAK
TGW,PAK_2019,PAK,-0.206123703912606,-0.141269817779085,0.485074792028789,47,12,4,1012,CV1_PAK,PAK
TGW,PAK_2020,PAK,0.332673846633565,0.290677535997678,0.678771695444586,54,12,4,1012,CV1_PAK,PAK
TGW,PAK_2021,PAK,0.133344648437707,0.157988288304884,0.624583895144981,50,12,4,1012,CV1_PAK,PAK
TGW,PAK_2019,PAK,0.0132252404027481,0.0633527327254839,0.577748401428515,37,12,5,1012,CV1_PAK,PAK
TGW,PAK_2020,PAK,0.1397155050423,0.0800113466274847,0.628819151077096,44,12,5,1012,CV1_PAK,PAK
TGW,PAK_2021,PAK,-0.0870440345600687,0.052855285165322,0.631856475166744,47,12,5,1012,CV1_PAK,PAK
TGW,PAK_2019,PAK,0.142997521329828,0.0417848385031104,0.584795664319307,41,13,1,1013,CV1_PAK,PAK
TGW,PAK_2020,PAK,0.284119120650408,0.277920851946108,0.714377533816299,47,13,1,1013,CV1_PAK,PAK
TGW,PAK_2021,PAK,-0.213331648301213,-0.233840684544644,0.416281664631459,45,13,1,1013,CV1_PAK,PAK
TGW,PAK_2019,PAK,0.258125786584551,0.385576183810012,0.599787392924282,37,13,2,1013,CV1_PAK,PAK
TGW,PAK_2020,PAK,0.0990157790200592,0.0883850563943408,0.571613080148376,50,13,2,1013,CV1_PAK,PAK
TGW,PAK_2021,PAK,-0.0315938830531881,-0.0332737954185225,0.581308456367319,49,13,2,1013,CV1_PAK,PAK
TGW,PAK_2019,PAK,0.0917512243159209,0.0669324601053994,0.68726129408779,37,13,3,1013,CV1_PAK,PAK
TGW,PAK_2020,PAK,0.205942347161947,0.157998296385128,0.633853061272003,47,13,3,1013,CV1_PAK,PAK
TGW,PAK_2021,PAK,0.1318959113153,0.13310895350506,0.690757447574935,48,13,3,1013,CV1_PAK,PAK
TGW,PAK_2019,PAK,-0.052115346499288,-0.0423426581951666,0.617851921103725,42,13,4,1013,CV1_PAK,PAK
TGW,PAK_2020,PAK,0.0972407742452721,0.148335837512502,0.692058592363866,46,13,4,1013,CV1_PAK,PAK
TGW,PAK_2021,PAK,0.0232830367637034,-0.0179268472661377,0.615723925568778,47,13,4,1013,CV1_PAK,PAK
TGW,PAK_2019,PAK,0.133816024160445,0.25069012110538,0.515380078747234,42,13,5,1013,CV1_PAK,PAK
TGW,PAK_2020,PAK,0.202704995318106,0.171204832381604,0.652373442121672,51,13,5,1013,CV1_PAK,PAK
TGW,PAK_2021,PAK,-0.200525364757397,-0.157669773992662,0.336886018210176,50,13,5,1013,CV1_PAK,PAK
TGW,PAK_2019,PAK,0.354917587065531,0.259302206966857,0.778624824038753,38,14,1,1014,CV1_PAK,PAK
TGW,PAK_2020,PAK,0.119504049226689,0.129231036631472,0.564479444276421,42,14,1,1014,CV1_PAK,PAK
TGW,PAK_2021,PAK,0.0716561582450183,-0.0221276604648724,0.660740301514799,42,14,1,1014,CV1_PAK,PAK
TGW,PAK_2019,PAK,-0.0005942308290981,0.0200291976791011,0.532371202397303,42,14,2,1014,CV1_PAK,PAK
TGW,PAK_2020,PAK,0.248739006002179,0.221428230195153,0.521915823503724,49,14,2,1014,CV1_PAK,PAK
TGW,PAK_2021,PAK,-0.0188845066172211,-0.0112264947061417,0.435152949382248,49,14,2,1014,CV1_PAK,PAK
TGW,PAK_2019,PAK,0.171668797436827,0.155204281806758,0.680097045172994,39,14,3,1014,CV1_PAK,PAK
TGW,PAK_2020,PAK,0.242671873739477,0.211069521956158,0.72093052230465,48,14,3,1014,CV1_PAK,PAK
TGW,PAK_2021,PAK,-0.0503136183237085,-0.0369801175675753,0.427475340251909,50,14,3,1014,CV1_PAK,PAK
TGW,PAK_2019,PAK,0.16165546111928,0.361090933368519,0.659073473350699,41,14,4,1014,CV1_PAK,PAK
TGW,PAK_2020,PAK,0.234213819631582,0.202047798033144,0.49778344263001,51,14,4,1014,CV1_PAK,PAK
TGW,PAK_2021,PAK,0.0377756062402438,0.0100930098852323,0.722202435880724,51,14,4,1014,CV1_PAK,PAK
TGW,PAK_2019,PAK,-0.182037497439773,-0.131712326974252,0.498124126827429,39,14,5,1014,CV1_PAK,PAK
TGW,PAK_2020,PAK,0.227423423578426,0.172921113440802,0.62797705661079,51,14,5,1014,CV1_PAK,PAK
TGW,PAK_2021,PAK,-0.176738317850255,-0.17856936601327,0.353703881814991,47,14,5,1014,CV1_PAK,PAK
TGW,PAK_2019,PAK,0.202323555161531,0.31954967433517,0.775216141202177,43,15,1,1015,CV1_PAK,PAK
TGW,PAK_2020,PAK,0.320777403234776,0.314482952344478,0.752703325282883,48,15,1,1015,CV1_PAK,PAK
TGW,PAK_2021,PAK,0.151737748948477,0.0957696010223336,0.598933506944617,47,15,1,1015,CV1_PAK,PAK
TGW,PAK_2019,PAK,0.0614091170363869,0.0321500983942429,0.579251894820253,33,15,2,1015,CV1_PAK,PAK
TGW,PAK_2020,PAK,0.33222254608347,0.280335470899204,0.781410870836607,47,15,2,1015,CV1_PAK,PAK
TGW,PAK_2021,PAK,0.185302268214232,0.122708612266891,0.629388225506914,47,15,2,1015,CV1_PAK,PAK
TGW,PAK_2019,PAK,0.090449480933242,0.0947706638605504,0.711797425823725,42,15,3,1015,CV1_PAK,PAK
TGW,PAK_2020,PAK,0.150519847262451,0.145770399401722,0.646023735926172,43,15,3,1015,CV1_PAK,PAK
TGW,PAK_2021,PAK,-0.0508565343105991,-0.063716269069019,0.54940741714645,46,15,3,1015,CV1_PAK,PAK
TGW,PAK_2019,PAK,0.253766321145312,0.361973443590397,0.719915315934498,43,15,4,1015,CV1_PAK,PAK
TGW,PAK_2020,PAK,0.151781320066767,0.183185289976615,0.488651554635046,52,15,4,1015,CV1_PAK,PAK
TGW,PAK_2021,PAK,-0.0629964893375562,-0.0364861077949606,0.647280880789302,49,15,4,1015,CV1_PAK,PAK
TGW,PAK_2019,PAK,0.0123637301973246,0.0517873855323247,0.5672265738687,38,15,5,1015,CV1_PAK,PAK
TGW,PAK_2020,PAK,0.0961340217467447,0.114306459598408,0.531256445840152,51,15,5,1015,CV1_PAK,PAK
TGW,PAK_2021,PAK,-0.271300279349545,-0.176866183502154,0.547996913758209,50,15,5,1015,CV1_PAK,PAK
